filename,folder #,chroma_stft,mel,mfcc1,mfcc2,mfcc3,mfcc4,mfcc5,mfcc6,mfcc7,mfcc8,mfcc9,mfcc10,mfcc11,mfcc12,mfcc13,mfcc14,mfcc15,mfcc16,mfcc17,mfcc18,mfcc19,mfcc20,Label
1.3,1.3,0.519385636,0.038394582,-594.407,51.03144,1.276478,12.63622,8.117247,3.440528,-1.96336,2.353179,-0.32421,2.883781,-0.90339,4.175457,2.62862,2.316234,-0.40385,1.584341,-3.72771,1.343261,-0.70503,-0.22313,0
1.4,1.4,0.502764463,0.051812038,-581.456,53.47683,2.870681,13.65126,7.330792,2.86825,-5.55999,1.340961,-0.82489,3.528592,0.713577,2.885122,2.372943,3.299406,0.499895,2.186397,-5.2283,0.236747,0.221486,0.372492,0
1.8,1.8,0.42634812,0.132183596,-460.258,87.18271,3.411819,24.08503,14.38515,3.793025,-11.2388,-0.48083,-1.57728,4.172027,-1.25977,4.2379,3.876092,4.378282,-0.36319,3.856574,-6.44754,-0.08999,0.16126,0.616068,1
1.9,1.9,0.494390905,0.044982158,-505.666,65.24285,9.550163,22.04823,13.13436,6.204616,0.539335,6.033441,0.904469,4.127856,0.587237,3.478722,1.41556,1.641872,0.031631,1.094182,-3.54221,1.198417,-1.17782,1.19503,1
1.11,1.11,0.420998245,0.210429996,-346.963,127.4574,8.214806,35.37853,18.56017,4.904773,-9.70736,3.758184,-2.06138,7.047081,-1.53004,4.481406,5.315085,6.114883,0.190254,3.32663,-8.81031,2.057612,-1.55549,1.210406,1
1.13,1.13,0.435134907,0.329163149,-353.4326667,122.7554,8.721795333,33.58046333,15.860217,8.192143667,-8.134427,1.315564,-5.72914,3.329511667,-3.122836667,-0.426944,1.881132,-1.19926,0.115161667,-0.706,-6.66376,-0.480853667,-4.286533333,-0.032895333,1
1.14,1.14,0.483448982,0.057285056,-509.257,55.12756,3.960738,17.9085,7.454659,6.469158,-2.6618,1.711492,0.0088,4.144167,0.475276,3.100873,2.919679,3.412836,-0.63539,2.176415,-4.26749,1.10717,-0.0212,0.702688,1
1.33,1.33,0.457111945,0.106670968,-404.3273333,111.3498667,6.162115667,28.56233,12.21406967,3.116173333,-11.22727667,0.567710333,-5.423673333,2.397676667,-0.483767667,1.677642333,2.190516667,-1.753944333,2.315205333,0.422278,-5.570336667,1.102250667,-2.308404,-0.433015333,1
1.34,1.34,0.447618514,0.103328824,-444.604,86.9122,6.182547,29.7017,12.64139,4.119048,-7.90809,1.245648,-2.72415,5.888252,-1.72514,2.968548,4.274126,4.196617,0.549788,4.217643,-6.2308,3.528862,0.216158,1.413949,1
1.36,1.36,0.405781408,0.0775611,-369.2076667,113.8641667,14.08384667,39.07607333,16.73865333,3.492151,-1.934097667,4.535829667,-1.155123333,5.371916667,-3.689143667,7.221438667,0.113734667,1.843241333,-0.77794,1.088643333,-6.753606667,5.653778333,-6.16296,2.406372333,1
1.37,1.37,0.448468685,0.141476244,-430.044,85.6586,7.984929,27.19943,11.98454,5.539992,-6.32911,3.141335,-0.98412,5.16154,-1.67135,4.4509,3.795605,4.295935,0.597416,4.301158,-5.82174,2.344089,-0.35179,1.815418,1
2.2,2.2,0.460464984,0.034789626,-379.742,111.646,9.597545,35.27539,19.28352,9.28662,-0.45334,8.610789,1.382167,12.63272,0.133735,8.604126,1.759519,9.216014,1.094329,5.617162,-2.84062,9.00377,-5.63169,5.178878,1
2.4,2.4,0.48235932,0.027248638,-382.99,114.5305,7.318913,39.38095,25.75094,8.747562,-2.15351,5.29391,-0.94022,11.24124,0.613193,9.589482,-1.16108,6.492359,-0.97227,2.867914,-4.1803,7.442116,-4.31179,5.659028,1
2.5,2.5,0.412529022,0.045030978,-378.092,113.2887,1.518639,33.25588,19.95491,6.692123,-1.98846,5.295999,-0.42013,9.304927,0.729178,10.30413,-0.87073,7.23762,0.787454,0.911073,-3.89169,8.907409,-3.72572,5.16396,1
2.6,2.6,0.475854069,0.08656352,-439.297,76.33528,-2.46789,21.26911,12.84335,2.269396,-1.48423,0.574423,-0.0031,3.781122,1.484571,5.963541,-0.35183,4.287641,1.293293,-0.64927,-1.68913,4.341467,-1.98258,2.835948,1
2.8,2.8,0.429873437,0.094741814,-402.501,98.60216,-1.36539,22.87247,15.97178,2.81923,-1.68224,-0.60866,-2.27103,6.201707,-0.15505,2.404125,-2.64854,4.355584,-1.49368,-0.19294,-0.85859,9.456477,0.767353,5.994712,1
2.13,2.13,0.421969801,0.033312228,-436.32,99.80348,7.170256,32.25472,19.29139,6.79276,-1.34262,5.425463,-1.68183,6.401023,-0.45584,7.251021,-0.14213,6.383641,-0.23842,0.972247,-3.94099,7.321687,-4.28383,3.583637,1
2.16,2.16,0.440209627,0.125954151,-342.369,103.9985,-0.15112,30.97032,23.07129,4.626762,-0.68236,1.656061,0.338502,6.095685,-0.06218,6.801753,-0.76282,5.168109,3.327437,0.393783,-1.7459,8.577094,-2.16126,5.423172,1
2.18,2.18,0.417574108,0.061404023,-368.86,115.9133,4.472631,34.84337,20.92936,7.705909,-3.23278,1.021282,-0.59347,6.948328,1.234046,9.516868,-4.29216,6.765849,1.733348,-1.04017,-4.46996,8.63551,-3.54684,4.597533,1
2.19,2.19,0.520338595,0.024777682,-386.485,107.0119,12.30258,36.48542,20.89614,13.42514,4.315838,9.369823,-1.03901,10.62225,-0.90884,6.113686,-1.48876,6.761959,-0.93316,3.52806,-8.65268,7.193466,-6.12218,4.384274,1
2.23,2.23,0.417873174,0.049961906,-351.71,118.2031,2.816249,33.23404,20.23286,9.809397,-1.25105,3.658579,-1.10716,8.352948,3.587717,9.942869,-4.24566,7.024303,0.77231,0.071056,-4.07824,9.849287,-3.3722,5.901798,1
2.24,2.24,0.445756137,0.125689968,-368.177,104.156,-0.13981,32.45894,18.02257,3.599398,-1.92844,0.767064,0.046273,5.812832,-0.46406,6.845899,-2.63709,4.522134,2.163672,1.142741,-1.22863,8.165666,-1.6416,4.648377,1
2.25,2.25,0.508393764,0.019805983,-578.268,42.42286,4.858976,13.80285,8.030343,4.339013,1.15526,3.358146,-0.75196,3.156184,0.569284,3.738357,0.042181,1.794045,0.254115,1.450333,-2.41436,2.143621,-1.81806,1.628257,1
2.26,2.26,0.499865711,0.023700273,-554.346,55.69307,0.190016,15.93243,9.63935,3.41326,-0.71783,0.554418,-1.1071,4.233847,-1.04854,2.912958,-0.43469,2.457614,-0.23563,0.576282,-1.96854,3.56866,-1.8671,2.111937,1
2.27,2.27,0.517324388,0.027637463,-576.945,32.12792,-0.80961,8.595618,5.36404,1.528946,-0.54676,0.558832,0.167508,2.459831,0.351141,2.566397,-0.42551,1.610114,-0.17165,-0.38738,-0.50749,2.123249,-0.88413,1.531033,1
2.28,2.28,0.498381555,0.018437546,-555.562,44.64919,3.916368,14.57088,8.513145,3.053446,-0.84525,1.708619,-0.22392,1.926419,0.399707,3.741359,-0.78765,1.681117,0.491441,0.282215,-1.50599,2.374637,-1.40185,1.595749,1
2.29,2.29,0.482070357,0.039972115,-382.266,113.2952,13.86608,37.30815,20.24553,10.03282,2.417141,8.47223,0.082711,10.68149,-0.7429,9.619051,-1.02457,4.587172,-1.52966,4.254829,-4.00291,6.451466,-4.52284,4.538157,1
2.3,2.3,0.445827633,0.071620002,-345.422,114.6302,-3.00559,32.33681,18.54884,4.316578,-3.72539,-0.68946,-2.17544,9.725,0.7232,6.624122,-3.18306,5.271144,-0.02268,-2.01383,-3.39917,9.351816,-4.69368,4.952511,1
2.34,2.34,0.46939218,0.044627387,-374.252,115.9234,5.297714,37.6514,23.30662,7.561699,-4.20399,1.715605,0.318395,12.40664,1.000711,6.310155,-0.4153,7.88315,-3.25391,-1.44502,-3.54936,6.742255,-6.8306,4.577863,1
2.35,2.35,0.5079301,0.030263457,-496.148,59.73011,5.431701,20.3217,12.69389,5.282032,1.06857,3.915017,0.370269,6.000682,-0.20843,3.704041,-0.13681,2.129656,-0.40918,1.177348,-2.27183,3.559262,-2.93414,2.558401,1
2.36,2.36,0.488749713,0.031820934,-455.241,90.39565,8.741733,28.28173,17.50249,6.964692,-1.78934,3.307744,-0.94374,7.123218,0.787591,7.771694,-2.04002,4.84701,-0.33128,0.383162,-4.95146,5.525585,-4.09438,3.517749,1
2.37,2.37,0.47464779,0.029449929,-459.278,93.92863,14.279,32.46424,18.56048,8.260243,-1.38422,6.896327,-0.51835,7.316063,-1.3486,8.286764,0.386548,4.516847,-1.17011,2.238945,-4.91877,3.907439,-4.66383,3.392576,1
2.38,2.38,0.483349025,0.347691417,-359.107,92.43073,10.5598,29.37143,21.73347,5.005076,1.916575,1.562224,1.258666,6.103271,2.396783,3.720886,1.73423,2.728726,2.027902,-0.40068,-0.60919,5.08708,-1.29447,1.814746,1
3.1,3.1,0.455989867,0.092076756,-373.173,111.3055,6.228113,28.25225,18.03091,5.801633,2.272322,14.88439,0.046901,10.96004,-2.0362,6.891929,-1.27739,5.336842,-0.374,5.658452,-0.87756,5.724615,-7.68302,3.355628,1
3.2,3.2,0.399842471,0.151598141,-330.712,98.07491,-1.30774,28.51702,14.17036,-1.50263,0.249331,3.719155,-2.16195,11.2837,1.935579,6.498495,-3.45385,5.001273,1.37209,2.938631,-2.34167,6.479477,-8.85095,5.322756,1
3.3,3.3,0.403150797,0.138001025,-394.701,97.69884,4.288023,19.84622,11.20574,-4.73133,-0.42051,4.493732,-1.32631,8.437966,-1.96184,4.811211,0.503338,4.095779,1.567953,2.711465,-1.89293,4.782164,-2.62324,3.870869,1
3.4,3.4,0.589678109,0.015748177,-392.681,96.71912,7.090829,31.29409,20.87059,10.12178,4.329594,17.1405,5.077433,14.05893,-1.27203,8.423391,0.274413,6.036944,0.634276,7.436685,-5.038,4.620589,-5.01411,5.796454,1
3.5,3.5,0.481252611,0.069916718,-357.392,106.3403,7.732863,30.91822,15.86008,1.519487,-2.04212,3.375958,0.787554,11.0601,-1.89799,4.882769,0.450933,6.531509,1.262679,6.531966,-3.4503,6.313213,-6.4691,2.852231,1
3.6,3.6,0.460526198,0.156549454,-377.578,90.95101,-0.47749,27.67553,14.13773,-3.63451,-2.61641,1.458019,1.583578,10.38947,-2.88109,5.08511,0.67264,3.127245,1.035284,-0.13968,-3.88778,4.650505,-4.50997,2.5216,1
3.7,3.7,0.468776613,0.051954187,-437.491,87.70198,4.754006,24.86257,14.86416,1.874879,-2.06916,3.362918,-2.18598,10.2423,-1.54902,3.701973,1.439242,2.702554,-0.08058,0.837666,-3.4086,4.638647,-3.05534,2.907394,1
3.8,3.8,0.439556926,0.125188231,-394.717,95.23246,-1.15972,31.47334,15.86312,0.483242,1.735812,4.019821,-0.45632,15.18622,-1.63161,4.935953,-1.1125,3.701366,1.452359,-1.14235,-4.95786,5.276779,-5.11517,3.009863,1
3.9,3.9,0.500700831,0.057600327,-435.826,81.90552,2.144579,24.41711,13.99417,4.829914,3.07712,8.922153,4.646857,12.89545,1.028215,5.443506,-0.01241,3.857429,0.618663,2.850237,-4.60772,5.425615,-3.42787,2.680615,1
3.1,3.1,0.482969165,0.099278778,-408.095,83.13434,3.791152,24.72917,15.36644,3.392774,1.904233,3.91499,0.476761,12.54233,-1.14163,3.598474,1.352769,4.15948,1.187553,-0.20386,-2.50788,4.305698,-3.88992,3.823164,1
3.11,3.11,0.40940845,0.15534474,-355.646,98.48746,3.117317,36.79313,16.11512,-3.14157,-1.1927,1.611967,-1.92081,14.54168,-4.14151,4.405653,0.857903,4.073275,-0.09896,-2.70539,-3.49683,5.477064,-5.51374,3.937011,1
3.12,3.12,0.432171136,0.055799909,-393.19,101.5245,11.15305,33.44474,17.85049,3.809083,-0.84193,11.34209,1.433554,8.589249,-2.13949,6.403656,-0.26528,5.454115,1.323681,2.400642,-5.05293,5.50513,-6.1974,2.221383,1
3.13,3.13,0.423454016,0.089294039,-367.383,103.4477,13.00262,32.993,15.04735,0.796822,-1.00294,4.28716,-2.14467,11.83947,-3.78126,5.697393,2.421113,3.849895,1.218076,1.641246,-4.7904,5.201987,-5.8583,2.955222,1
3.14,3.14,0.446574479,0.123036951,-344.392,105.0678,6.111492,27.70356,16.11197,2.412287,1.215685,5.401742,-2.41102,12.87174,-0.45841,5.012721,0.731354,5.49082,-0.25351,2.939633,-4.80324,5.67894,-4.81422,2.634366,1
3.15,3.15,0.352328718,0.263721555,-294.682,113.8636,-17.837,26.09729,15.77343,-5.73918,-2.29146,0.34285,-0.47488,15.07779,-10.2277,1.743448,-1.05978,3.694398,-0.29425,-1.58851,-3.83416,13.63601,-1.78854,6.655293,1
3.16,3.16,0.397086054,0.285060197,-363.066,76.01999,-13.0279,31.56685,11.18669,-8.74079,5.235132,0.591595,0.757475,18.94095,-5.14202,4.441,-5.10069,3.949152,1.225317,-5.05345,1.193226,4.523953,-6.56811,5.387381,1
3.17,3.17,0.451908946,0.109738678,-378.243,88.26529,9.214075,26.50368,16.23481,1.897579,1.139241,6.358761,-2.19177,13.1509,-0.78653,4.727854,-0.67657,5.028848,-0.85527,1.253915,-3.54448,4.78726,-5.14345,4.077984,1
3.18,3.18,0.458791614,0.239099115,-346.09,102.0827,-1.31013,23.81257,12.79231,-1.73289,-1.66144,2.347809,0.503133,13.0957,-2.69706,5.27259,-0.48085,3.930425,1.099015,-0.78175,-4.1034,5.181408,-4.69803,2.808058,1
3.19,3.19,0.482177615,0.049602661,-365.283,98.3017,16.2316,40.80747,19.89772,7.909694,2.213407,8.886473,3.543362,10.10009,-5.56061,7.689008,1.876787,3.938692,1.145255,5.129659,-5.17107,5.652326,-5.35827,3.151056,1
3.2,3.2,0.405171454,0.074659668,-368.599,122.7518,6.271462,36.04481,20.09381,7.176701,8.731625,11.42999,-0.01199,14.39461,-1.81963,3.58111,-1.89315,4.885038,-2.97675,0.971555,-5.26511,3.999784,-5.68005,2.585724,1
3.21,3.21,0.452513844,0.067258902,-373.055,105.2491,18.96335,37.00695,15.31988,8.605304,3.023001,11.66572,0.085446,11.71655,-2.20362,7.813857,-0.64694,3.582336,0.513644,5.274063,-4.33319,5.29208,-5.83653,3.96068,1
3.22,3.22,0.458724171,0.116770543,-342.735,108.3038,10.68411,34.33169,17.46813,-1.55911,-4.40473,2.941584,-1.3215,11.9486,-3.49046,6.324999,2.035078,7.193068,-1.27144,0.321707,-3.53788,6.176157,-5.98671,4.337492,1
3.23,3.23,0.426929832,0.14466098,-356.203,99.4293,9.880836,32.98871,19.36494,-1.00533,-0.06805,7.389778,1.16428,10.15922,-2.65496,4.970513,1.012205,5.10662,3.301072,-0.64048,-2.01377,5.24172,-6.18394,3.197999,1
3.26,3.26,0.502522469,0.051349692,-423.492,81.03996,7.713575,25.80412,14.67089,3.769958,3.325057,8.823578,0.583341,7.394119,-1.29325,5.071827,0.359963,3.695957,1.228197,2.503343,-3.00187,5.126754,-4.17714,3.636601,1
3.27,3.27,0.486224681,0.026741926,-510.75,65.34467,4.846432,21.74661,11.11202,5.22471,2.321085,8.632587,2.743415,7.415937,-1.67861,4.335466,-0.70899,2.527272,0.866388,2.323439,-3.53031,3.947748,-3.68749,1.967564,1
3.28,3.28,0.50118041,0.064027503,-452.04,79.08197,7.711501,25.58554,14.55079,2.283209,0.0847,6.183331,-0.05422,7.640738,-1.27188,5.13871,1.055484,3.600522,1.579289,2.129428,-2.46545,3.764032,-4.12416,2.167494,1
3.3,3.3,0.519099414,0.04291945,-375.801,93.49394,8.35771,32.39662,16.52923,5.870608,3.364254,9.637161,-0.50414,10.04961,-1.75539,5.620232,1.179232,6.316864,-0.65899,3.654185,-4.4353,4.812223,-5.79086,3.833123,1
3.31,3.31,0.422795296,0.092429802,-370.236,106.8324,7.414873,35.27242,18.22581,2.947521,-1.16237,4.672853,2.081084,9.749285,-3.8988,5.509392,0.575294,5.139208,-0.17231,2.521313,-4.49948,5.200841,-3.95647,3.108203,0
3.32,3.32,0.44888258,0.171809435,-353.489,101.8561,8.084716,32.27361,17.43686,-0.37921,0.534969,3.806442,-1.37893,10.43538,-1.74767,5.517089,0.704681,4.050051,0.450539,0.730273,-2.83501,6.021504,-4.42106,3.142631,1
3.33,3.33,0.440444261,0.226368725,-382.375,84.35497,0.671721,22.5357,12.60954,-1.82838,1.298544,-0.4799,-0.75826,9.800834,-2.34723,3.206479,-1.02479,3.235303,2.257575,0.37927,-2.46509,3.920732,-4.84396,1.89291,1
3.34,3.34,0.440654725,0.082336329,-435.91,82.97534,9.496549,24.50956,13.55154,1.380251,-0.4247,3.946003,-1.71002,7.205756,-3.15954,4.770466,1.615234,4.308616,0.780585,2.320223,-2.27628,3.595317,-4.73596,2.569046,1
3.35,3.35,0.511869371,0.03077271,-525.193,44.73019,1.23548,19.88182,11.31498,5.356925,2.30558,5.138192,0.833256,3.938945,-1.18642,3.162033,-0.3656,3.128601,1.309844,1.343881,-2.8115,2.658291,-3.33053,1.760767,1
3.36,3.36,0.489569247,0.096397378,-431.336,84.1097,-0.20171,26.10243,15.1312,4.322593,4.938342,9.573779,1.369936,9.17603,-1.05991,6.416317,-0.14271,4.760176,1.65292,1.697919,-3.3439,3.639571,-5.11216,3.034387,1
3.37,3.37,0.48212266,0.069943652,-377.253,100.7431,4.167532,32.08007,17.70506,4.491466,2.395063,8.955845,-0.47917,8.62114,-1.26947,6.051013,0.058244,4.449201,0.767706,2.831065,-4.04574,5.047746,-5.14489,3.88616,1
4.1,4.1,0.544687808,0.026372267,-418.682,96.40046,21.4204,43.19011,16.46247,15.87198,8.848556,7.776941,1.834938,9.098737,-1.93092,5.991715,-1.06984,1.975665,-1.27004,2.645076,-9.32107,4.835886,-6.24087,3.377307,1
4.2,4.2,0.38647902,0.453712195,-278.035,132.261,4.682686,25.69174,16.10864,11.50762,-0.23245,2.124098,1.047254,14.03666,3.247244,5.42552,-6.48415,1.948681,-0.76963,3.410828,-8.02843,4.129878,-4.96961,0.225833,1
4.3,4.3,0.420101523,0.563707352,-231.811,91.36087,7.48403,36.24433,26.90996,11.8285,-7.77076,1.776976,1.608561,11.89012,-5.98841,2.754414,1.936481,2.934408,-0.2002,3.83594,-7.86415,3.512512,-9.01797,2.965655,1
4.4,4.4,0.514314592,0.381495863,-259.471,108.2135,7.384251,33.81448,24.67349,9.659936,-11.0036,-3.6721,3.674756,10.29315,-0.24271,8.792062,-0.49701,5.486099,1.586471,1.992827,-7.41901,2.152897,-9.0679,3.859805,1
4.5,4.5,0.462552249,0.416962653,-265.413,109.5087,8.766571,33.38818,18.57346,11.87453,0.083063,6.074637,0.740461,8.899251,-0.59805,5.823076,-4.37278,1.354615,-2.22121,2.326682,-8.42624,2.336647,-5.93222,3.235444,1
4.6,4.6,0.475059927,0.331645399,-282.148,108.5839,13.33756,38.60688,24.53033,12.44261,1.576983,4.083988,-1.63476,11.0491,-3.04891,2.657009,-0.80705,3.885412,-1.21521,2.326289,-7.72317,3.517564,-6.75677,2.844293,1
4.7,4.7,0.438985109,1.203864694,-229.511,104.6861,6.124123,33.03399,18.06732,6.583409,-3.20773,1.971041,-1.56265,12.67921,-0.38213,2.932783,-0.15147,4.370864,-0.32673,-0.22545,-8.9995,3.693431,-7.22873,0.36104,1
4.8,4.8,0.411095381,0.492435962,-273.951,106.581,16.77728,45.27672,25.09265,4.944116,-3.09914,4.608603,-4.46471,6.547127,-1.71313,3.446709,-0.97295,2.947515,-1.39291,1.68616,-8.06381,4.331629,-6.69564,1.443468,1
4.1,4.1,0.459600776,0.533902943,-260.429,98.12143,15.58638,37.82747,20.31646,13.3575,5.211741,4.830327,-3.88706,8.214783,-1.79359,1.409469,-2.23046,1.511257,-1.24628,0.363179,-7.18975,3.163164,-6.46638,2.276764,1
4.14,4.14,0.478051931,0.299213201,-290.48,112.4267,12.91647,37.53215,20.94962,11.44903,4.544697,6.531262,-3.23584,10.19153,-1.18358,4.945109,-2.38387,3.143252,-3.32966,1.62748,-7.81456,1.377466,-6.23164,4.060249,1
4.15,4.15,0.34310165,1.502592325,-263.688,117.1102,10.23421,51.36823,24.21876,-4.03316,-0.6699,0.23606,-4.85571,4.742575,-7.3128,4.013847,-0.49835,-3.68564,-10.1904,-6.16832,-9.54372,-1.0907,-13.939,1.764718,1
4.16,4.16,0.413225502,0.471745133,-263.151,106.348,14.37753,35.68241,17.53547,10.39979,1.449467,1.910406,-2.57123,9.795027,-1.5995,2.267157,-1.42885,2.293123,-1.69403,-0.93732,-8.392,3.431348,-6.09794,2.569886,1
4.17,4.17,0.444546461,0.32877779,-288.61,109.8198,17.98686,42.38792,21.73878,11.21464,2.728157,3.84613,-5.03827,6.986507,-1.59272,3.320424,-2.40459,2.563967,-2.3226,0.751839,-7.68978,4.031567,-6.17915,3.053972,1
4.18,4.18,0.496199697,0.633752108,-317.66,113.2034,23.90667,40.36979,23.63625,14.79593,5.806379,7.149778,-2.11974,7.413264,-3.03719,2.891492,-1.2566,0.415537,-3.20758,-0.38037,-7.26015,0.886547,-7.92821,2.700608,1
4.19,4.19,0.532945037,0.011659757,-418.289,104.9363,14.10318,37.70049,26.0749,13.69266,2.284018,5.764674,-1.92672,12.15554,-2.27647,4.038915,-1.72041,3.16961,-3.75174,2.346215,-9.86697,2.54126,-6.20993,4.83099,1
4.2,4.2,0.594705522,0.154321849,-247.8,84.14723,7.617555,34.20678,23.80492,18.01327,-3.2848,7.065166,4.682843,11.87034,-3.57012,2.363219,1.436914,-0.13561,-3.2513,5.134657,-8.44167,5.159374,-7.36463,2.946031,1
4.21,4.21,0.472476214,0.475921065,-267.81,114.3938,11.3404,41.00553,16.68216,5.421133,1.944902,1.98817,-3.04504,8.136092,-2.84104,0.69618,-3.21239,3.456231,-1.20781,1.225737,-7.74178,1.841813,-7.65524,1.92409,1
4.28,4.28,0.435623229,0.495319515,-268.772,111.3158,12.37537,42.5919,21.45131,7.852836,1.425342,2.259411,-4.72287,7.749412,-3.50403,1.863855,-1.76222,2.049244,-1.8446,1.570101,-7.84387,3.290931,-6.45232,2.979854,1
4.3,4.3,0.513331175,0.336689353,-246.577,95.74886,6.2974,32.66628,14.67678,14.71361,6.665118,6.821432,-1.64093,10.77116,-3.6184,1.997743,-2.72204,0.917053,-2.17141,3.37274,-8.14569,3.346019,-5.9991,3.7553,1
4.31,4.31,0.432140529,0.649680734,-253.391,101.7381,16.88591,43.06472,16.35554,7.581967,3.429251,4.679095,-5.35614,6.479338,-5.09304,1.478109,-0.52367,0.872451,-2.17528,1.235518,-6.71797,4.034147,-7.00114,3.369617,1
4.37,4.37,0.423816383,0.5798195,-266.915,109.7164,12.78292,45.21875,21.50541,5.987589,-0.0441,1.697006,-4.4527,8.736625,-3.72914,0.536683,-0.29991,0.042647,-2.5673,1.190701,-5.43292,4.420636,-8.01589,1.603986,1
4.38,4.38,0.427172691,0.630944788,-259.151,107.3479,10.14339,45.67419,19.53388,6.621774,0.717538,1.956068,-2.57049,8.37504,-4.76559,2.033736,-1.68112,1.065526,-2.03204,1.602675,-5.9123,5.213145,-7.70303,2.101898,1
5.1,5.1,0.486255169,0.039766565,-419.3436667,120.5160333,0.672846667,41.26405333,11.26296,14.98848,-11.30667367,8.425439,-5.54155,5.341506667,1.940878333,4.163564,3.210844333,-4.888496667,0.425322667,-1.662471,-6.104986667,2.046712667,-2.978777333,1.623224,1
5.5,5.5,0.490042329,0.071455933,-360.898,103.3791,15.60437,29.35632,18.95708,18.2939,1.037758,3.22051,-1.81968,10.08506,2.657749,6.489028,4.229262,3.16868,-0.65673,1.841651,-6.22126,3.359494,-4.2934,4.384147,1
5.6,5.6,0.528164864,0.028313359,-410.071,121.2752,19.99452,27.4592,21.99819,13.38802,2.959961,4.774919,-0.86442,11.70664,4.299197,9.076919,2.430384,2.176592,-1.63424,1.2307,-8.94683,2.900603,-4.41867,5.481361,1
5.7,5.7,0.541623354,0.024935467,-393.718,111.9681,16.59332,33.97567,19.75356,15.574,-0.52439,1.369528,-3.69663,12.8624,2.49546,8.917918,3.51325,3.804619,-0.61362,4.080135,-8.39277,2.782892,-4.99484,3.926816,1
5.8,5.8,0.534778118,0.040711198,-394.025,115.4343,17.92218,32.41277,20.48566,14.50958,3.024139,4.41677,-1.22982,9.865296,3.642962,8.317918,2.219649,2.221806,-0.06441,2.984678,-8.73747,1.939506,-2.90044,4.143871,1
5.11,5.11,0.49826774,0.044031229,-371.887,123.4981,10.92534,29.85112,17.21339,15.4617,-6.5745,1.535282,-6.38548,12.05993,6.81532,10.21323,2.06342,4.880309,0.192617,2.674405,-10.0108,2.534488,-5.15075,4.731099,1
5.12,5.12,0.499549985,0.026612632,-397.201,122.8742,17.56489,28.81608,19.6688,17.15762,-0.75651,0.341191,-6.24441,11.70684,4.090027,9.242699,1.878615,5.939262,-1.62726,2.411299,-7.76102,2.099161,-5.62061,5.469475,1
5.17,5.17,0.504429817,0.043483794,-403.648,124.1652,17.27533,30.16817,22.0545,9.961928,-1.93125,4.143698,2.494053,13.82017,2.912267,9.350742,4.399653,0.276198,0.00337,5.768916,-6.00637,2.714819,-3.08928,2.277739,1
5.18,5.18,0.484251767,0.091065511,-385.706,112.6832,23.03494,26.32124,22.44005,9.525078,-0.57991,0.714233,3.027563,9.721948,3.722937,5.657253,5.415881,-1.5606,1.222145,3.738333,-3.4348,0.51935,-0.42549,0.183062,1
5.19,5.19,0.460209042,0.029487005,-422.538,124.6795,23.446,40.77493,22.26241,9.33186,-1.1133,6.991402,-1.32357,11.93943,-0.34781,7.963128,-0.06083,-0.15412,-3.41502,3.096666,-7.71407,4.522764,-4.87958,4.132161,1
5.2,5.2,0.596639514,0.009353978,-448.228,97.57359,21.95417,41.70419,26.90624,23.01396,5.748208,11.07905,4.28547,13.67057,-3.12923,8.725379,-0.38945,3.008723,-1.4268,3.689121,-5.52357,6.463265,-3.77018,5.617105,1
5.21,5.21,0.591546834,0.021992672,-440.133,112.9826,27.3949,37.92145,19.29744,19.58865,8.364044,9.177335,-1.90727,9.598238,2.259804,9.781171,-2.10696,5.064996,-0.90628,1.844234,-6.07471,7.789167,-3.99506,2.238183,1
5.24,5.24,0.601384997,0.01398393,-435.539,103.335,22.70084,37.97423,24.43537,19.21755,6.363379,11.83571,-0.63678,9.81053,-2.87049,7.757964,1.365369,1.40213,-2.87651,4.487421,-6.50672,5.374674,-4.09637,3.737391,1
5.28,5.28,0.475272328,0.063149102,-383.907,120.2723,18.25434,29.81279,25.74376,7.729741,-2.58049,0.411905,-0.89919,9.646452,3.150877,6.154567,3.555207,-1.92822,1.79519,1.788874,-5.95298,1.510862,-2.67096,0.834238,1
5.3,5.3,0.49936834,0.065066509,-382.753,122.2457,16.49617,32.01727,24.3666,6.299124,-3.39304,2.764022,0.383026,8.745896,1.353631,8.062246,4.732639,-1.40353,1.176659,3.68823,-5.61234,2.337535,-3.64366,1.212946,1
5.31,5.31,0.467852801,0.06730517,-373.076,125.4755,14.95001,27.02151,18.13388,9.198637,-2.98452,-1.00265,-2.27605,8.956435,1.938819,10.72603,2.007776,-2.72979,2.510855,4.74328,-6.41563,2.978585,-4.25474,0.443972,1
5.32,5.32,0.465986788,0.041165374,-379.33,125.6919,13.14745,29.79874,21.0743,6.645772,-4.99373,3.556018,-1.08302,10.41615,1.989919,11.55198,3.104124,-1.3745,-0.01901,3.123143,-6.91278,3.282482,-7.04107,1.7478,1
5.34,5.34,0.503548324,0.064667039,-375.865,120.6967,17.24729,31.44584,21.07474,6.790342,-4.29734,2.473593,-0.98557,8.647388,1.060567,8.444829,3.358134,-0.02861,3.287839,4.134671,-5.58121,3.8112,-2.86803,1.424655,1
5.36,5.36,0.418734272,0.12078428,-382.261,127.3650333,0.769286667,24.38831333,8.600277667,4.012515,-15.43297333,-3.209636667,-9.529916667,-1.203871667,-0.993967,-1.25856,0.342375667,-7.11972,3.476426,-3.251186667,-5.242013333,-1.905138333,-4.19658,-2.410596,1
6.1,6.1,0.560267806,0.017643752,-588.738,60.0742,7.930144,22.77832,10.08428,7.296506,3.196045,1.559506,-1.91503,3.237624,-1.50896,4.331543,-3.07746,1.479139,1.79339,0.218809,-2.68056,5.588899,-4.12704,2.902639,1
6.3,6.3,0.502038588,0.04501617,-545.441,81.30274333,10.43604667,22.04211667,10.24086367,7.209664333,3.740979,-1.118908,-5.738406667,4.286854333,0.440302333,5.214971,-1.205864333,1.034396667,0.624064333,0.681688,-5.39466,3.627172333,-4.133973333,2.211645333,1
6.5,6.5,0.464799017,0.078185305,-473.476,89.42737,9.348126,22.80681,7.262067,4.763514,5.497939,-3.13564,-10.9156,4.852458,2.568593,5.408542,0.455237,0.904617,-2.45023,1.34531,-4.91974,3.587875,-2.96241,1.933869,1
6.6,6.6,0.453615278,0.065544009,-496.972,82.99345,8.022107,20.21779,8.859835,5.775662,1.327543,-3.90212,-10.401,3.491599,2.961391,3.874117,-0.54728,1.857241,-1.68321,1.84131,-4.87695,2.423559,-2.87134,1.554135,1
6.7,6.7,0.451613247,0.076300398,-485.147,75.15736,5.746805,19.41156,7.756126,3.391565,0.160204,-4.17415,-8.82377,2.486668,3.964951,3.742788,-0.31645,2.189715,-1.5957,1.383841,-3.59846,1.901032,-1.55995,1.130269,1
6.1,6.1,0.454587479,0.091312785,-400.011,89.70350667,3.450691333,25.69699,14.96505333,3.193678333,1.196741,7.506187333,-0.581593333,9.414807333,-0.103017,5.698155,-1.622683333,4.155923667,0.196303333,3.258143667,-1.830353333,5.254451333,-6.48937,3.745595,0
6.11,6.11,0.457845002,0.0892305,-374.348,128.1251,16.96552,32.63159,14.03642,9.401886,1.978005,-5.82762,-15.812,5.105423,6.965794,7.818715,-3.38477,2.928746,-2.10478,4.004923,-6.30089,4.178425,-4.28139,3.496675,0
6.12,6.12,0.490186065,0.018513808,-597.028,56.90614,7.808629,17.01582,4.907806,7.314042,0.918422,-4.69533,-8.52855,5.775878,0.789184,4.846957,-2.04682,2.332302,-0.23376,1.655222,-3.19563,3.513453,-2.73198,2.489628,0
6.13,6.13,0.434424976,0.135724027,-365.3593333,117.295,6.700146667,33.56128333,8.747316667,2.062534667,-11.76770767,0.174019,-4.001746,6.620013333,-3.641363333,2.227592333,0.478368333,2.031726667,1.927814,-1.238071333,-2.946496667,1.573427667,-4.568743333,1.619392667,1
6.14,6.14,0.490713169,0.048676951,-463.4153333,81.71732,5.895357,24.11705,11.587352,4.554481,0.651140667,2.534260333,-1.031379667,9.910476,-0.026863667,5.057744,-0.536099,4.240413333,0.549194,3.679141667,-3.751216667,5.084093667,-4.20965,2.674158,1
6.15,6.15,0.436328908,0.126926131,-400.3933333,116.5339467,-9.990676,31.80842,-1.338486667,1.176425667,-20.77412233,-4.587336667,-7.419446333,3.457822333,-1.595906667,-5.785932,-0.681420667,-1.91906,5.215649,-7.17173,-1.780513333,-1.680667333,-2.772936667,-1.867485333,1
6.16,6.16,0.453819901,0.137297264,-378.7956667,113.49536,1.130958667,31.21063667,8.620603333,2.27241,-9.991635333,2.482155667,-3.690159,8.803986667,-2.428853333,1.832604667,-0.448148,1.691213,2.148314333,-1.478095,-2.888456667,0.996484333,-4.296366667,2.367698333,1
6.17,6.17,0.444159865,0.078664698,-407.422,114.9539,13.00736,33.51693,19.03286,10.61045,0.259773,-5.60454,-10.8456,5.50633,6.55127,5.877929,-1.52149,3.772364,-2.16799,2.000507,-6.88191,3.389489,-2.54743,2.738151,1
6.18,6.18,0.436109334,0.11140617,-415.769,110.2702,8.268925,27.99496,14.42477,7.926587,3.385982,-7.361,-12.612,4.869586,3.609951,5.554741,-0.43105,2.544384,-0.63003,-0.19032,-5.45017,3.668604,-4.21717,2.162834,1
6.19,6.19,0.495679379,0.091499306,-393.541,156.2147,32.14125,36.60591,-4.87003,-8.66468,5.652525,2.506657,-18.1133,6.387619,-1.87787,7.562539,8.734964,8.190784,-3.1757,2.015568,-7.57343,4.025905,-8.07313,1.801397,1
6.2,6.2,0.473139882,0.07118383,-434.447,127.0648,15.82699,23.79218,12.32087,9.464235,2.766855,-2.82098,-10.9596,5.27162,3.217357,7.211056,0.943347,4.879741,-2.27747,1.463221,-7.25852,2.659629,-3.82461,4.695277,1
6.21,6.21,0.472708076,0.046220928,-613.138,56.76923,7.551006,19.55585,8.317441,4.868252,5.260037,-2.09525,-4.34059,4.351319,-0.38749,4.102314,-1.48348,-3.25569,2.356273,0.363034,-6.2449,2.632989,-4.45027,-0.96298,0
6.22,6.22,0.477514684,0.078210118,-421.879,122.5307567,22.34812533,31.33600333,5.250282333,3.311074667,6.013547,-1.117474333,-13.27143333,6.49561,0.965249333,7.339899,3.567128667,3.292232333,-3.44026,2.073225333,-6.825543333,3.946676,-4.959103333,2.665935667,0
6.25,6.25,0.44711262,0.084416859,-465.9626667,89.47367,7.345945667,22.54143667,10.34691033,5.697938,1.624576333,-5.145756667,-10.61225667,3.615951,3.512097667,4.390548667,-0.431593333,2.197113333,-1.30298,1.011610333,-4.64186,2.664398333,-2.88282,1.615746,1
6.27,6.27,0.407670547,0.108319827,-450.916,104.17106,0.888281333,21.90764333,1.22416,0.583115,-14.54952367,-6.879526667,-8.743323333,0.693211333,-3.205028667,-3.325755,-1.837739667,-3.563261667,2.116227333,-6.114685,-2.89496,-1.614622,-3.047776667,-2.479602667,1
6.3,6.3,0.379017303,0.314429725,-378.568,131.7828,-7.327993333,23.51038,-5.926523333,-6.947366667,-30.47863333,-11.00278,-12.14623333,-4.145973333,-1.38058,-5.501526667,-3.475943333,-4.668966667,6.839288333,-7.664053333,-2.829183333,-4.11143,-2.218486667,-3.624706667,0
6.33,6.33,0.45146507,0.061225887,-471.477,94.93640333,-2.496362667,22.37229333,3.841207,4.886652667,-5.013251,-4.165546667,-8.265436667,1.053492333,0.043010667,-1.313998333,-0.122757667,-0.397104667,0.326395,-2.374583,-3.352476667,0.942660333,-3.769153333,0.160998,0
6.34,6.34,0.450922132,0.122511521,-376.03,125.8132,13.71474,32.69081,16.5925,5.328236,2.452654,-9.22952,-15.6825,4.269886,4.339206,5.230602,-0.96155,2.479375,-1.85004,1.442758,-6.97423,3.020607,-2.32728,2.719869,1
6.37,6.37,0.472065657,0.064945742,-398.62,121.9502,25.555,34.59529,13.35881,13.83439,6.890177,-2.72344,-10.7854,8.246753,2.205025,9.048616,1.511185,0.781296,-4.69485,2.858798,-7.98346,4.226248,-3.84177,4.262541,1
7.1,7.1,0.373095065,0.310759753,-354.361,147.8535,-25.1072,33.84947,-11.4728,-7.66852,-32.0611,-5.76362,-13.7623,-6.80689,3.078418,-10.2907,-1.35859,-5.29945,5.617967,-8.20458,-0.24891,-2.94514,-3.10929,-3.48199,1
7.2,7.2,0.412836403,0.168038324,-385.467,132.3408,-20.8198,37.58533,-3.89435,-2.14983,-32.8318,-6.11972,-9.60611,-7.15751,0.51012,-10.9458,-2.54644,-6.07428,5.953003,-7.89996,-1.87627,-3.22904,-2.23848,-1.65779,1
7.3,7.3,0.412188262,0.18492204,-371.079,130.5552,-21.5383,38.5411,-4.24819,-2.62016,-38.7228,-2.93806,-12.4834,-5.16962,-2.92521,-7.83179,-4.24693,-4.97532,7.552448,-9.52273,0.693875,-5.9234,1.299959,-4.81693,1
7.4,7.4,0.449166685,0.041833255,-432.312,126.6584,-21.258,27.48753,-5.09234,5.492731,-16.5275,-4.42037,-5.57154,-2.81779,-6.79731,-11.5589,0.495457,-5.23827,4.258095,-10.3489,-1.58202,-1.49661,-6.87617,-2.20141,1
7.7,7.7,0.368041962,0.309967518,-363.499,137.7904,-7.21652,25.81317,-8.3521,-10.6525,-28.6316,-4.93694,-19.2717,-6.76563,0.777058,-7.55028,-3.63621,-2.27402,6.626828,-7.61293,-0.59524,-5.78369,-0.89411,-4.57579,1
7.8,7.8,0.385337293,0.207671314,-393.788,145.4034,-7.62859,28.51683,-8.92003,-8.60618,-31.437,-4.11137,-15.7597,-3.35548,-1.0511,-8.30648,-2.31748,-4.27299,7.157649,-8.98293,-1.72647,-5.66934,0.021164,-4.67385,1
7.9,7.9,0.387429774,0.567130744,-364.229,132.529,-7.76243,17.72179,-10.0251,-11.9015,-27.3348,-5.57171,-11.5076,-5.26939,-2.23367,-5.95036,-3.82672,-2.67076,5.571735,-7.90629,-1.99316,-3.61198,-0.08105,-5.33212,1
7.1,7.1,0.376981318,0.257573187,-387.864,121.9066,-3.64421,21.88141,-6.26317,-6.67672,-29.0684,-7.64604,-11.71,-4.69208,-2.08304,-6.09649,-4.31959,-3.58658,7.014952,-7.41116,-1.50828,-3.58161,-1.14378,-4.50449,1
7.11,7.11,0.397697449,0.444917113,-359.78,128.1623,-11.5245,23.10504,-0.3925,-14.0024,-29.2557,-14.0563,-10.5016,-5.55719,-0.18568,-3.07686,-3.63148,-5.38374,7.593286,-6.41542,-6.84873,-1.64448,-3.15043,-3.73926,1
7.13,7.13,0.364697665,0.254600018,-357.405,139.6954,-7.02644,30.3363,-12.5053,-6.37166,-33.8764,-6.25652,-16.2925,-5.88169,-2.28567,-8.75511,-4.97999,-3.68062,7.060875,-9.31854,0.925388,-5.64209,0.373198,-4.74816,1
7.14,7.14,0.389043957,0.344484419,-379.352,112.7768,-10.2113,27.41739,-9.393,-5.67311,-29.5937,-4.55493,-11.1848,-5.38256,-2.04219,-7.77742,-2.75741,-1.2392,5.477628,-8.00332,0.028045,-4.98828,-0.00422,-4.33751,1
7.15,7.15,0.376116306,0.30870375,-368.933,133.0597,-11.956,33.14639,-10.8289,-7.82506,-29.8784,-2.82615,-17.9106,-5.94751,-0.47397,-9.75413,-2.05796,-2.81629,5.521827,-7.79485,0.80043,-5.72873,0.682034,-4.41995,1
7.16,7.16,0.392287254,0.278524488,-377.073,129.7645,-3.55721,26.98397,-5.03234,-4.2741,-31.6516,-8.40149,-14.0731,-4.38344,-1.02516,-8.33322,-3.68229,-2.125,6.999035,-7.85977,-1.57055,-5.03684,-0.02222,-5.19385,1
7.18,7.18,0.357968658,0.516214609,-330.271,120.7593,-2.5983,21.18909,-0.55548,-16.0336,-26.1659,-9.29574,-14.6825,-6.84332,-0.53742,-7.95969,-4.73678,-1.77468,3.022471,-4.53168,-2.79734,-3.66518,-0.73364,-4.52155,1
7.19,7.19,0.444392174,0.043636627,-423.488,136.8047,-31.4622,45.49106,-12.5613,5.921153,-29.9721,-7.1546,-11.9892,3.394047,-0.74962,-13.1761,1.707909,-7.36936,7.391322,-13.9807,-1.4519,-4.3059,-4.10854,-5.20786,1
7.2,7.2,0.44359833,0.06815201,-468.238,130.2223,-1.41325,23.92531,1.086151,6.110558,-15.0665,-5.99382,-9.19065,0.004229,-1.2551,-11.3991,-2.38857,-8.12955,0.79758,-6.11597,-4.21304,-5.8188,-3.70339,-1.99855,1
7.23,7.23,0.381625384,0.237862989,-369.597,129.6628,-2.30098,25.20503,-6.8206,-5.78465,-34.2545,-10.5224,-10.7459,-5.56291,-2.89647,-7.78017,-5.10494,-2.5473,7.068072,-7.33063,-1.38176,-5.0418,-0.32035,-4.21776,1
7.24,7.24,0.362373143,0.240798876,-388.06,145.2795,-6.81527,25.54469,-11.1239,-0.16298,-33.1118,-11.306,-14.2271,-2.18865,-1.87302,-7.33123,-2.47676,-5.03658,5.909627,-9.16558,-0.13054,-7.1082,-2.36125,-2.63037,1
7.27,7.27,0.379123151,0.227435768,-378.606,132.4435,-1.27256,22.59397,-5.61608,-7.69436,-28.3822,-9.48657,-11.7602,-5.02425,-3.87468,-6.00433,-4.99724,-4.12376,7.162874,-9.081,-2.33172,-3.05525,-2.15161,-4.40057,1
7.28,7.28,0.368255466,0.287923515,-367.549,139.4185,-3.43691,25.97744,-8.83712,-12.1263,-29.2992,-3.95262,-14.9701,-8.65849,-3.21594,-7.61704,-3.09988,-4.30532,4.19662,-7.24264,-1.33187,-4.44736,0.957344,-4.95875,1
7.29,7.29,0.353447974,0.267217278,-379.312,141.358,-8.70935,28.74827,-13.0085,-4.72416,-32.6028,-6.50879,-15.3959,-4.96169,-1.57492,-8.74179,-3.28043,-4.16702,8.04928,-7.76593,-1.569,-7.14435,-1.0343,-5.38637,1
7.3,7.3,0.389815509,0.212736368,-376.128,132.2505,1.734275,27.28005,-10.9808,-5.80019,-27.4469,-4.17163,-14.8538,-6.50408,-3.11294,-9.78853,-1.74837,-5.35486,3.751842,-5.71176,-2.65408,-6.54946,-0.10638,-5.19439,1
7.31,7.31,0.483135194,0.126773357,-411.274,114.3745,-12.4052,30.87104,-5.60934,0.847319,-19.4727,-1.69135,-5.10643,-4.27477,-0.92076,-10.4273,-0.87495,-3.95001,2.404011,-9.67871,-3.47722,-3.63513,-5.71907,-5.29186,1
7.32,7.32,0.384870082,0.336414069,-342.132,152.8187,-16.425,27.62286,-16.866,-5.39792,-27.9165,-7.69446,-18.007,-4.69864,-3.71701,-8.84419,-0.24171,-7.29692,5.021685,-7.7905,-3.3049,-6.5652,0.053096,-6.27208,1
7.33,7.33,0.37942338,0.224965841,-367.95,141.7254,-0.36071,27.96867,-13.8537,-8.54965,-27.6455,-5.34622,-15.3016,-6.46617,-2.64318,-9.39823,-2.30095,-4.79085,4.232982,-5.87459,-2.83724,-6.49142,0.466017,-5.91369,1
7.34,7.34,0.367549747,0.379012674,-351.177,131.3176,0.198096,28.11343,-9.12079,-13.5647,-27.4354,-5.71602,-16.5728,-8.78145,-1.71958,-10.4035,-3.81088,-0.79108,3.055021,-6.51996,-0.68966,-4.17378,0.932821,-5.91703,1
7.35,7.35,0.353613436,0.283033252,-344.284,148.6488,-16.3162,35.40323,-16.3042,-11.6541,-35.1306,-5.19084,-13.3494,-9.69218,0.342983,-12.3488,0.179769,-3.35101,5.621299,-7.5475,-0.89408,-3.46115,-1.55905,-2.76541,1
7.36,7.36,0.347036242,0.410357207,-337.304,138.9637,-14.0064,31.5937,-9.54569,-11.8815,-35.3342,-4.06849,-14.0191,-7.5351,-2.65952,-9.42995,-3.02801,-2.0585,5.193872,-8.9637,0.295317,-5.16458,0.373596,-5.62507,1
8.1,8.1,0.397171468,0.075828761,-399.954,133.5336,-44.1283,45.043,-12.9089,16.41603,-39.1701,6.449205,-14.6643,-5.72544,9.040935,-3.2304,8.327994,-15.9135,7.567498,-12.5715,-4.09417,-3.7573,0.039618,-2.99988,0
8.4,8.4,0.445605466,0.109796093,-398.721,132.3445333,-6.595031333,32.42064667,-1.78398,9.594507667,-20.72292,2.103814667,-12.36959333,-0.579806333,-1.036603667,-2.935338,4.116108,-5.304772333,1.983532333,-6.06199,-3.102461333,-4.077549333,-2.010126667,-1.896564667,1
8.5,8.5,0.47042191,0.032775249,-428.413,127.3263,-17.5711,30.48417,-9.12048,16.53736,-25.5906,0.466078,-11.4875,-4.86382,2.326368,-7.52596,4.043699,-11.7002,4.795564,-9.49749,-2.34552,-5.01047,-4.60698,-1.98926,1
8.6,8.6,0.445127308,0.0277333,-439.281,140.4103,-16.8079,33.94011,-2.23481,10.81213,-30.4161,-2.12199,-13.7619,-5.80752,0.673849,-8.30283,3.041491,-10.37,5.731514,-8.5185,-2.63228,-5.47566,-3.63869,-2.18002,1
8.7,8.7,0.448803276,0.014524054,-450.122,128.4645,-13.1986,41.97691,-6.21694,18.10858,-35.1895,-1.43862,-9.73337,-4.94513,-0.52051,-7.62547,4.252388,-11.9116,7.71651,-9.13917,-1.8625,-6.03425,-2.96714,-3.11641,1
8.8,8.8,0.417329609,0.088144235,-401.825,136.0348,-15.4896,24.97758,-0.32882,7.342132,-26.8146,-4.18991,-14.5476,-5.03449,2.084492,-6.757,2.386553,-9.44428,5.669269,-8.3169,-3.76212,-4.91053,-5.27433,-2.7662,1
8.9,8.9,0.439776391,0.094056487,-403.685,126.8846,-12.8382,27.95477,0.383896,5.504018,-22.812,-2.08117,-11.9676,-4.33914,0.701297,-8.00096,2.21612,-9.95624,3.563992,-6.55688,-4.41914,-5.77647,-4.31773,-2.87346,0
8.1,8.1,0.391558737,0.119312979,-389.083,138.863,-21.7696,31.10903,-2.81917,5.141277,-28.1535,-1.07997,-12.0456,-3.41925,0.90813,-6.66307,3.584252,-11.9517,6.167201,-8.35598,-4.38796,-5.96002,-4.95622,-3.51729,0
8.11,8.11,0.43244195,0.04576825,-443.171,138.3482,-13.2714,35.01536,-0.65213,15.06052,-26.0523,-1.80911,-13.8835,-4.76033,-2.57406,-7.83324,3.925164,-12.406,6.823936,-7.71022,-1.84451,-6.71433,-4.73239,-2.46124,0
8.14,8.14,0.429769695,0.048537318,-419.249,134.7217,-18.2754,32.99765,0.668844,9.703312,-28.7575,0.334926,-9.30288,-4.54768,0.513995,-7.46306,2.716173,-10.88,6.553912,-8.47854,-3.14157,-4.58349,-6.27742,-3.81657,1
8.15,8.15,0.398352385,0.169840112,-373.115,160.8818,-32.8983,33.382,-12.488,3.408727,-24.5041,-1.78643,-22.6515,-4.91608,6.659028,-0.11112,8.204231,-15.481,7.255109,-8.85533,-6.22016,-8.47644,-7.38008,-3.79593,1
8.18,8.18,0.414493054,0.084392451,-405.418,136.9332,-17.3035,30.09859,-2.39286,9.387317,-29.021,-1.9772,-12.0693,-6.80913,-2.34038,-7.15979,2.853344,-12.4375,7.520592,-7.6943,-2.94227,-2.99468,-3.85102,-4.01191,0
8.19,8.19,0.377562582,0.149350062,-389.553,138.6692,-25.4195,37.187,-3.86059,4.586511,-34.9545,3.923773,-14.6803,-11.1592,-0.16013,-1.17424,4.199917,-19.322,8.08704,-10.4756,-5.44464,-3.34019,-5.01986,-4.91854,0
8.22,8.22,0.38820678,0.143307343,-395.675,127.6054,-5.95609,24.99307,5.384231,4.875728,-20.5023,-6.96127,-13.0063,-4.47181,-4.80128,-8.65373,1.584911,-10.1282,3.362811,-5.06426,-3.92082,-4.38672,-3.3759,-4.0097,1
8.25,8.25,0.478561401,0.009169298,-482.18,175.1409,-22.5285,41.64692,-17.1813,25.30688,-33.6745,7.771254,-17.0289,-1.37426,-0.03492,-5.32513,2.921932,-16.58,8.822616,-12.4004,0.159439,-11.6549,-2.87107,-4.38703,1
8.26,8.26,0.412380844,0.102394797,-400.613,140.4013,-18.4327,30.07509,2.23258,2.903561,-27.7866,-0.04243,-12.806,-7.87553,-1.01018,-6.57649,2.177109,-10.463,5.644496,-7.89568,-3.28091,-4.27623,-3.89545,-3.22186,1
8.28,8.28,0.422828376,0.072364725,-408.757,128.5241,-7.88536,25.13846,5.333075,4.342976,-23.6356,-6.0378,-13.0088,-5.64364,-0.19587,-7.54188,0.514998,-8.63249,3.727689,-6.36861,-4.79736,-4.14133,-4.28673,-3.61292,1
8.29,8.29,0.424815893,0.075697698,-402.003,131.594,-12.8006,29.34249,3.613485,4.292705,-22.407,-4.83517,-16.9991,-5.58126,-0.01027,-7.32374,2.934015,-10.2929,3.87,-6.01488,-4.1681,-5.62266,-4.27374,-3.03937,1
8.31,8.31,0.400143236,0.151740327,-378.032,129.0142,-6.68606,21.15036,2.282722,-2.03682,-22.8121,-1.66499,-13.3074,-8.09624,-0.11944,-5.84798,-2.56556,-8.50117,4.555612,-9.43258,-5.38959,-4.30728,-4.9591,-3.66606,0
8.32,8.32,0.387583375,0.169491842,-386.836,132.4394,-8.7291,21.57201,12.29228,1.802802,-22.5786,-10.0717,-15.1183,-5.73686,-2.58912,-8.20382,0.613097,-7.07139,2.115173,-5.99736,-4.9112,-4.15684,-4.68505,-3.55455,1
8.34,8.34,0.420168996,0.152017042,-392.513,126.4407,-4.94349,24.53945,2.926079,-1.56087,-21.4764,-2.01611,-12.5613,-7.34261,-0.78673,-6.38045,-1.06071,-9.42984,3.107989,-7.08548,-4.899,-4.03331,-4.27334,-4.13765,1
8.35,8.35,0.393585622,0.148777515,-375.909,127.2196,-9.70669,31.53621,6.614326,1.549632,-25.8788,-3.24096,-13.76,-9.99121,-3.99936,-8.67502,-0.66159,-10.359,4.366327,-7.04756,-4.26096,-3.82525,-4.24179,-3.78481,1
8.37,8.37,0.41083613,0.125269905,-397.914,126.9047,-10.059,34.14063,9.49775,1.660358,-26.4845,-2.95751,-11.91,-9.38326,-2.99404,-7.09676,-1.46927,-11.1766,4.030507,-8.2545,-5.61673,-4.03509,-4.32912,-3.77707,1
8.38,8.38,0.388258964,0.22465457,-354.588,134.6547,-13.1321,25.7368,5.595717,-1.17802,-27.5559,-6.4781,-15.9013,-6.41855,0.795788,-7.49311,-0.52272,-8.67597,4.381299,-7.85333,-4.7042,-4.31989,-4.80101,-4.16915,1
9.1,9.1,0.416569322,0.055135839,-400.253,158.4294,-29.2427,23.58427,-24.8242,6.346206,-34.125,5.957852,-9.22696,0.61675,0.584259,-17.602,-2.42077,-14.3776,4.149821,-16.7321,-1.62741,-4.26817,-6.26711,-1.75372,1
9.2,9.2,0.4514893,0.047507074,-363.169,119.8893,12.84278,41.02463,9.178784,4.202568,-3.02862,0.679241,-0.94536,6.819569,-8.15918,2.465593,-4.26589,3.897102,-0.48996,-1.02058,-8.49632,8.814142,-8.6104,1.169211,1
9.3,9.3,0.431881934,0.071998812,-373.085,112.6347,18.29513,43.28354,15.07804,7.071361,1.1531,1.512254,-2.45418,2.277201,-6.60934,3.925446,-1.86616,3.606767,1.522399,1.283824,-5.86754,5.864923,-6.74515,2.172896,1
9.5,9.5,0.399621725,0.075221777,-352.715,109.9628,10.45187,43.72835,15.31262,0.998189,-2.74954,1.521466,-0.4555,5.451192,-6.03271,4.437119,-4.59458,-0.2331,0.566181,0.989101,-4.76258,6.617338,-8.93054,1.897481,1
9.6,9.6,0.424609631,0.073982954,-355.658,113.0105,10.0431,39.6828,15.89743,3.85336,-2.02165,1.722093,-3.13756,4.586885,-5.01364,5.95734,-0.57179,2.993045,-2.07648,0.121193,-6.47531,5.839966,-5.91497,3.402866,1
9.7,9.7,0.375500262,0.091610447,-345.41,112.9581,5.173799,41.47771,16.45431,3.937788,-3.94832,-0.0087,-0.89146,4.654487,-7.32129,7.623222,-3.64795,2.398726,2.637746,-0.75157,-9.09508,8.872787,-7.97108,3.371441,0
9.8,9.8,0.412665516,0.110876746,-366.081,124.7464,3.536072,40.76959,18.18586,-1.16702,-2.31244,3.753169,0.218703,4.510095,-5.10163,4.356039,-3.16335,2.931691,-0.1601,-0.05718,-8.02667,6.283041,-5.98615,3.779284,1
9.1,9.1,0.421375155,0.108257376,-343.041,111.9506,3.569754,38.71733,14.70892,1.095914,-3.15382,0.416177,0.109467,5.970519,-5.59734,7.162596,-1.02051,3.089658,1.49084,-1.60559,-8.23806,7.704395,-6.25774,2.447546,1
9.12,9.12,0.4314273,0.068312287,-363.912,116.2857,9.394976,39.83986,17.21685,1.116525,-1.419,3.697552,1.172197,5.738841,-4.00811,5.919874,0.152319,3.745771,0.654697,-2.23286,-6.55188,6.643245,-5.28341,3.962075,1
9.13,9.13,0.349646568,0.12258403,-354.107,115.8446,12.0573,43.44765,14.5818,-2.88237,-3.13599,2.846636,-1.06955,0.541269,-7.3045,6.021923,-1.31725,5.133401,-1.41972,-1.39339,-5.59105,5.238608,-6.03868,2.389455,1
9.14,9.14,0.557259142,0.027498687,-375.999,82.95107,27.67581,45.19484,19.96384,3.674694,1.937622,9.332832,-2.70014,9.962207,-7.28319,7.163193,-1.28547,4.593893,-0.99398,0.769398,-7.12556,6.201048,-6.77294,7.552436,0
9.15,9.15,0.400568932,0.134348229,-332.39,111.1831,3.440561,39.72347,14.75102,-3.39883,-1.54915,0.289917,-0.82324,1.967704,-5.70504,7.961669,0.238944,2.134679,0.024121,-2.50296,-5.7679,6.013151,-3.41078,2.787462,0
9.16,9.16,0.399886817,0.129316151,-327.97,110.2367,-0.93983,42.61843,11.22781,-0.48711,-0.52044,-0.81024,-1.02285,4.503133,-10.2122,7.7182,-0.92908,4.3051,-0.82652,-2.83422,-5.02251,5.94687,-4.81947,2.359761,0
9.17,9.17,0.352421939,0.121043809,-345.701,122.5053,1.525269,41.28114,14.83276,-3.23031,-6.32861,1.366124,-0.78651,3.434748,-7.69535,8.134238,-1.43666,4.592197,1.014919,-1.25862,-5.52137,6.982739,-4.88957,2.081148,1
9.18,9.18,0.405032903,0.135236293,-342.546,111.7278,6.580106,39.83269,17.24437,-0.36445,-3.47003,0.000115,0.202512,3.716431,-4.88094,3.13737,-4.38696,1.08846,2.270457,-1.14495,-4.69578,7.115585,-5.39267,1.404112,1
9.19,9.19,0.364938319,0.070244268,-375.906,106.2054,19.41672,52.50554,18.76062,4.966002,-0.379,-1.07493,-0.92131,3.293301,-10.0862,5.002476,-5.55491,-1.37248,-2.51353,0.127755,-8.67829,9.525628,-6.30102,3.242249,1
9.21,9.21,0.401710868,0.068933897,-374.186,100.056,17.04679,43.98183,14.55986,6.713051,2.327427,7.204835,-1.3128,5.158331,-5.75285,4.090413,-1.44567,1.770823,-0.89509,1.536177,-7.75699,8.440245,-5.40913,3.081862,1
9.22,9.22,0.401074648,0.106813215,-360.291,110.9137,9.013041,42.56869,17.81839,1.998005,-3.14054,1.630052,1.664792,5.634481,-6.48846,6.248147,-3.77017,3.409743,0.835162,-1.21855,-7.73024,6.866937,-5.60573,2.884331,0
9.24,9.24,0.382382333,0.132915199,-332.262,109.9419,3.54005,37.78054,12.7273,-2.4439,-0.74766,4.081602,-2.58815,4.868718,-5.66295,5.835963,-1.1,4.148068,-0.69586,-0.31489,-6.8378,5.676179,-5.6737,2.333433,1
9.25,9.25,0.416144192,0.069261014,-350.376,104.5637,9.796516,38.37934,12.66113,3.942034,-0.35316,4.350391,-7.22426,5.112843,-3.97172,7.484544,0.293977,3.047149,0.246855,2.351515,-4.88505,8.48791,-3.97639,2.940214,0
9.26,9.26,0.442382067,0.067831106,-361.737,112.0685,8.613244,40.27159,15.69359,4.804679,-3.65687,5.178027,-1.50916,4.031721,-5.17631,7.604166,-0.45575,4.408439,-0.71719,0.156444,-6.67207,6.580377,-5.57152,2.702194,0
9.27,9.27,0.402684867,0.096371494,-346.645,115.5333,4.72003,38.88355,14.07418,0.714469,-1.81702,1.14957,-1.27448,5.296625,-4.96336,5.452866,-1.36785,3.978404,1.002568,-1.23773,-6.7985,6.978132,-4.84318,2.960922,1
9.29,9.29,0.382679939,0.098477624,-352.909,110.1952,11.95942,39.49119,11.47875,1.383129,-1.156,3.366476,-3.20426,4.232522,-4.12664,6.788952,-1.31554,4.084082,-0.80091,-1.13566,-5.89226,5.859935,-4.35096,3.393254,1
9.3,9.3,0.421591848,0.078015409,-333.573,100.1665,6.069274,35.80554,11.54957,3.143555,-3.60078,1.712974,-0.4002,6.753144,-3.17296,9.233183,0.068337,4.342402,0.438224,-0.17019,-7.33208,8.915485,-6.26805,1.663884,1
9.31,9.31,0.409834117,0.059685972,-373.186,100.2017,12.61666,43.54599,15.96792,5.547307,-0.78432,6.916864,-0.61269,3.751759,-5.42824,8.016232,-0.69178,2.471392,-0.30168,0.459605,-7.59998,8.776932,-5.50674,2.779439,1
9.33,9.33,0.391400456,0.151312888,-336.369,106.705,7.916363,39.82763,16.68707,0.863996,-1.07452,4.848178,-1.77601,5.647803,-5.72867,5.551105,-1.33083,5.626897,-1.17805,-1.24137,-6.70785,5.927532,-4.61645,3.991297,0
9.34,9.34,0.378129452,0.165386483,-329.059,111.225,5.412179,39.40931,14.75281,-2.8716,-2.88857,-1.12262,-0.00221,4.037101,-6.39667,3.792723,-2.79686,1.914828,0.369869,-2.97104,-5.02841,5.710983,-3.94657,2.199114,0
9.35,9.35,0.418367177,0.123355776,-334.789,110.446,1.458917,38.11043,14.00877,3.32222,-1.36657,0.123692,-1.18811,4.937467,-6.74681,5.376954,-4.16119,2.231491,0.77269,-1.49449,-7.2646,8.61098,-4.73008,3.079203,0
9.36,9.36,0.401389867,0.125751272,-347.07,109.0982,10.41792,38.55215,15.73192,0.175965,-2.28078,-0.71755,1.210873,3.250161,-4.18375,6.098526,1.39242,3.837275,2.174943,-2.41549,-4.82444,5.194254,-3.38479,1.572689,0
10.4,10.4,0.483991295,0.073089473,-378.969,103.6189,5.046708,40.50939,22.40281,12.81688,7.047923,-1.09063,-1.81961,13.28448,-1.20132,5.913884,-2.26643,3.007424,2.721752,-0.19607,-8.74112,8.550476,-7.36748,3.613432,1
10.5,10.5,0.469156802,0.09047576,-358.716,104.4953,6.913866,43.00846,19.82353,12.18081,-1.82359,-6.97625,-0.40505,15.90413,0.685379,4.924282,1.515001,2.393601,-0.48083,3.449656,-7.43903,5.595855,-7.31921,1.263458,1
10.6,10.6,0.529579341,0.017855085,-666.624,22.92671,1.257287,9.018942,4.984581,2.229285,1.347465,0.049476,-0.59236,2.263334,-0.62948,1.364084,-0.58013,0.442864,-0.48402,0.36108,-1.65627,1.30898,-1.32468,0.93709,1
10.8,10.8,0.467614919,0.077408485,-489.273,75.87935,1.395691,21.89667,11.44269,6.452229,0.879401,-5.99155,-3.1336,6.253585,0.281626,2.858471,-1.5509,2.487523,0.595876,1.076969,-5.47889,2.813736,-4.32098,0.511416,1
10.13,10.13,0.423147678,0.104866795,-411.615,92.03612,1.425199,35.81028,17.63995,10.94751,0.018727,-12.0059,-3.70337,9.726965,-0.18387,1.502842,-2.80895,4.542429,0.007304,2.137996,-4.75495,4.709806,-5.46904,1.340947,1
10.16,10.16,0.482821435,0.216919258,-379.233,86.31258,3.133776,34.21077,18.30242,10.00794,1.067022,-7.66862,-0.29978,7.101492,1.259574,3.836502,0.098957,3.115032,-0.26815,0.999871,-2.30094,4.47238,-4.48049,1.355557,1
10.18,10.18,0.432438493,0.115504466,-422.268,93.02279,5.529435,29.81738,16.09683,10.77591,5.442807,-10.0725,-5.36011,9.224062,0.896433,2.180257,-0.56887,4.088668,-0.98283,4.852103,-4.49569,3.882141,-5.01169,1.223161,1
10.19,10.19,0.521660924,0.109068714,-382.41,104.3344,19.73994,48.49003,16.64849,17.31972,6.105336,-6.04474,-5.71109,3.059252,2.512122,7.877368,-2.33324,1.813789,-1.92138,3.780963,-6.65572,6.617383,-5.80861,1.085247,1
10.23,10.23,0.427053988,0.11161577,-364.442,101.1113,3.682529,45.0046,25.5618,16.4336,4.416193,-11.5611,-5.49766,9.965437,1.435121,2.909722,-2.72486,5.937258,-0.91533,2.37744,-4.58725,7.386657,-5.61176,2.433671,1
10.24,10.24,0.448641628,0.108708389,-375.521,96.64318,2.6136,37.34208,21.10223,10.21475,-1.15345,-6.10255,0.427583,9.811972,-0.79701,6.941751,-0.33574,2.034507,1.966874,4.775326,-8.49543,6.43575,-5.77382,1.260778,1
10.25,10.25,0.449994832,0.098187879,-330.679,125.1533,-7.88895,27.21308,17.05312,11.88782,3.172798,-7.70503,-5.9615,17.10647,1.80129,6.883308,-3.37588,4.196105,-3.09425,3.310559,-9.44421,5.427169,-3.91945,5.521799,1
10.26,10.26,0.476552248,0.091576211,-493.736,59.22535,-0.75291,20.82288,13.14484,3.932131,-1.19133,-5.69365,-0.27979,5.415915,-1.6471,3.082816,0.429623,1.170547,0.814148,1.990825,-4.62592,3.356246,-3.31167,0.32477,1
10.27,10.27,0.491335928,0.05738223,-524.08,63.57388,2.152237,22.1558,14.57979,6.351197,0.850529,-3.52087,-1.96117,6.809677,0.907994,3.556505,0.315871,2.258935,-0.90312,1.298145,-4.1652,3.434804,-2.76491,1.776812,1
10.28,10.28,0.491938412,0.075249992,-567.477,37.51128,0.114222,13.4035,6.57056,3.409563,0.063867,-3.39329,-0.69667,2.196509,-1.14307,2.13554,-1.43085,0.429211,0.477815,0.789947,-2.38765,1.975788,-2.30835,0.031394,1
10.29,10.29,0.435987204,0.134839088,-470.915,78.62967,-2.71111,19.55863,15.13984,4.522241,-3.24754,-8.23153,0.264056,7.801643,-0.33334,3.760968,-2.15629,0.278681,-0.43754,1.763509,-4.48659,4.085365,-5.75591,-0.12199,1
10.3,10.3,0.47671029,0.110052198,-469.351,67.81258,2.514841,27.53047,13.77475,7.047031,1.13897,-4.00156,1.372937,8.647719,-1.7173,2.659151,-1.21067,0.767221,-0.51411,2.524815,-4.14305,3.895549,-3.99421,1.160951,1
10.34,10.34,0.461956173,0.119966261,-432.966,77.70189,4.732064,28.49903,16.73991,7.199384,0.706762,-6.40894,-0.85373,7.423284,0.200037,1.620577,-0.87415,0.822891,0.282005,2.195578,-2.90653,4.055891,-4.25818,0.141891,1
10.35,10.35,0.484722227,0.074575491,-468.243,70.97414,5.835969,27.99801,14.13665,7.387755,-1.43066,-0.92739,1.129722,6.753243,-0.74248,2.41077,-0.33859,2.805743,-0.94012,2.642057,-3.55098,4.720327,-4.86085,0.674291,1
10.36,10.36,0.432561815,0.170096427,-357.684,96.71192,0.293824,36.89941,18.88667,7.68399,-3.30444,-6.78234,-0.03701,9.925677,-1.49687,2.06446,-0.98296,2.755874,-0.74442,3.052936,-5.01937,6.081588,-6.46533,0.716249,1
10.37,10.37,0.449885637,0.135864109,-408.145,78.30737,6.612674,31.04617,14.85469,7.586156,-1.92636,-4.20645,1.716498,8.186589,-0.78344,1.972515,-0.22461,1.553724,-0.68058,2.037956,-4.12732,5.729945,-6.03155,-0.39915,1
11.1,11.1,0.507092714,0.070645146,-422.422,126.0878,-18.4637,44.50739,-3.2784,13.78054,-25.5113,-9.88808,-10.6931,-2.86267,-3.85709,-15.5615,0.774506,-7.99568,-1.52291,-11.4038,-0.07317,-5.62088,-4.78296,-5.6992,1
11.2,11.2,0.3823798,0.137990281,-430.845,116.1334,9.292668,26.4795,-5.4921,10.42932,-21.6598,-2.21379,-16.0081,-4.04028,-20.1444,-3.12532,-4.76737,-13.994,10.04372,-18.8379,0.128123,0.368408,0.955614,-4.24983,1
11.3,11.3,0.377319783,0.068357937,-511.686,135.7694,33.44622,30.32739,-15.7434,15.28862,-20.0456,-0.34313,-19.4112,-5.27939,-17.4651,-1.22654,-2.08395,-18.4798,8.429533,-15.0319,-1.16052,-4.33319,-3.4144,-5.57093,1
11.4,11.4,0.496943533,0.04187033,-418.34,127.39,-15.7088,37.53656,-18.7564,28.2062,-26.1007,4.425039,-15.8957,-1.93019,-0.24774,-12.5945,2.870703,-18.5317,6.068126,-15.085,-1.12643,-4.12168,-2.11841,-2.02493,1
11.5,11.5,0.36337626,0.057926483,-496.564,135.3542,12.95408,52.92781,31.3419,13.5838,-31.1357,-2.48384,-20.0192,-5.43302,-17.9778,-7.04119,-7.28459,-11.9915,8.686661,-19.4064,-1.21114,-1.73898,-0.74998,-7.71759,1
11.9,11.9,0.379985541,0.468091786,-436.211,100.7715,5.152367,12.52715,13.41259,0.966566,-21.0151,-3.62548,-10.2222,-12.4161,-13.4541,-5.27527,0.98518,-4.64356,-0.41222,-10.7047,-6.44631,-1.94609,-2.05935,-9.26193,1
11.11,11.11,0.371117711,0.086722068,-495.003,123.3551,41.35126,23.83563,10.61925,6.5121,-21.4305,-8.48672,-18.2951,-12.739,-8.66076,-2.56031,-4.14763,-6.32082,1.038396,-13.4581,-6.42435,-4.66715,-2.35413,-4.74046,1
11.13,11.13,0.406791627,0.115367912,-508.244,114.4267,51.97794,21.91702,3.309271,0.521973,-14.6761,-6.8431,-10.85,-9.94257,-9.81656,-5.16953,-5.78841,-6.06091,-1.64173,-10.6092,-6.65108,-4.34946,-2.69773,-5.07442,1
11.14,11.14,0.397751659,0.224549755,-450.351,105.2156,33.83285,18.17694,5.957648,0.092611,-16.8092,-4.30011,-15.4039,-14.673,-12.5967,-5.37027,-2.19506,-4.68491,1.325567,-9.63132,-6.76802,-4.5858,-4.2395,-6.78352,1
11.15,11.15,0.392075926,0.445959806,-391.478,136.0727,0.856031,17.60752,17.23543,-2.92043,-27.0675,-1.17248,-16.0188,-15.954,-11.402,-6.0245,-2.62067,-1.1814,5.059655,-12.6914,-7.85014,-5.13154,-2.14053,-7.51594,1
11.16,11.16,0.380337089,0.02509431,-540.813,158.9547,18.42762,16.16742,-4.82519,9.378109,-15.7074,9.462847,-19.4333,-10.2301,-10.8483,-5.85899,-6.56486,-10.5275,8.47855,-13.4221,-8.82467,-12.1293,-2.01854,-5.38993,1
11.19,11.19,0.422038972,0.224067807,-414.716,144.448,15.81658,27.45513,-1.0445,2.019822,-21.188,4.580584,-11.3117,-16.274,-9.7226,-12.5868,-3.97651,-10.1274,5.399482,-6.86322,-6.13321,-2.39968,-1.22345,-2.10448,1
11.2,11.2,0.377819031,0.029593835,-540.116,166.7113,38.36034,28.832,5.233657,7.366412,-37.4029,-1.96902,-29.7215,-12.2795,-11.212,-4.52171,-5.9367,-14.4363,7.719711,-12.711,-2.11989,-5.41806,4.38552,-8.35366,1
11.21,11.21,0.387621909,0.009799606,-544.94,86.05442,12.27838,59.77306,-12.9325,32.0976,-41.4263,4.541607,-18.6127,-2.62181,-14.5002,-0.63729,-5.85636,-11.8589,15.16884,-25.973,2.201958,-10.6455,-2.33428,-9.27338,1
11.22,11.22,0.398249418,0.025963388,-531.314,119.8871,37.47821,29.53737,11.46877,11.1569,-28.4348,1.616272,-21.0635,-13.092,-11.2452,-2.69356,-4.03073,-7.72954,5.761329,-15.0046,-2.90305,-7.57033,-1.98002,-6.3597,1
11.23,11.23,0.379601717,0.159629613,-484.843,123.7047,22.99575,29.50319,12.86274,1.015231,-26.0535,2.044904,-18.7369,-14.6192,-9.4756,-2.87865,-1.68624,-6.21933,2.490252,-15.0831,-6.4044,-4.43182,-2.38698,-7.27141,1
11.24,11.24,0.374169856,0.738966286,-359.519,126.7907,1.98001,12.13639,0.03869,-1.63069,-24.6347,-3.16417,-18.486,-11.3289,-6.6059,-6.7568,0.584229,-7.72066,-0.62621,-11.7267,-9.21201,-2.86778,-1.74801,-7.55901,1
11.25,11.25,0.428058714,0.066787459,-500.814,117.7462,27.51174,26.96923,1.752055,2.80291,-24.8035,6.894837,-23.1047,-15.1133,-5.39248,-5.2921,-0.92314,-5.03507,3.447756,-14.6103,-7.06961,-6.87413,-1.78337,-7.752,1
11.26,11.26,0.392605871,0.069393598,-512.132,113.5888,41.03517,23.47043,7.507708,1.817101,-19.2968,-5.34135,-16.9179,-13.3267,-8.79227,-5.8482,-2.77009,-2.38033,0.649141,-10.0203,-5.52745,-5.75013,-4.24757,-6.941,0
11.28,11.28,0.417018771,0.124095805,-501.529,103.5078,32.88585,17.54597,6.670867,0.442682,-14.77,-5.8815,-11.288,-10.3891,-8.32952,-2.81634,-4.12046,-7.09652,-1.66557,-10.4369,-7.42687,-4.36202,-4.09355,-6.06631,1
11.29,11.29,0.366941065,0.20605351,-454.966,119.1076,36.22032,28.05871,10.73613,-7.97342,-21.7036,-4.99222,-16.8964,-13.9666,-8.17167,-4.94688,-5.7191,-4.66773,1.898523,-10.4507,-6.56578,-3.76371,-4.05399,-6.00105,1
11.3,11.3,0.384300619,0.040146515,-486.461,133.0684,16.99672,26.52633,3.748703,5.108772,-24.0474,1.221406,-15.9064,-14.0814,-10.6271,-2.82529,-3.58273,-8.99089,6.140822,-12.2395,-5.1381,-3.44106,-4.11259,-7.8138,1
11.31,11.31,0.425475538,0.124594413,-494.362,104.2623,27.8882,22.22306,12.98196,0.670389,-22.0827,-5.90011,-11.6868,-7.43258,-8.00222,-4.14422,-3.12214,-7.9359,-0.1995,-8.8921,-5.77116,-4.0419,-3.38167,-6.57357,1
11.32,11.32,0.403903902,0.086067677,-493.392,100.2709,40.15545,31.24125,17.7585,1.023045,-18.7035,-9.75993,-12.8044,-13.5281,-9.69362,-4.93246,-3.45202,-4.21308,-1.49162,-9.06453,-6.72997,-2.62547,-3.58881,-5.91584,1
11.33,11.33,0.402635187,0.054654282,-513.662,126.301,38.84546,18.38638,-1.77048,-3.98572,-17.0662,-3.75832,-14.4281,-13.6252,-8.22549,-0.89631,-3.08128,-5.6851,2.954573,-8.94752,-7.17658,-5.19922,-3.17256,-6.19481,1
11.35,11.35,0.406500816,0.073946081,-495.161,125.2063,23.5707,28.94875,11.99477,0.556968,-19.4847,0.799756,-14.8269,-15.8368,-11.315,-4.21961,-4.59408,-6.60168,3.220541,-11.8133,-6.00395,-2.74773,-2.79502,-6.80289,1
11.36,11.36,0.377299845,0.561746538,-401.673,100.3939,16.82153,18.99821,9.931472,-7.7493,-22.7071,-7.96351,-12.2571,-9.67304,-6.37044,-3.90404,-2.72736,-4.30167,0.458961,-9.25804,-9.85607,-3.86665,-2.16614,-7.14383,1
11.37,11.37,0.423763394,0.06158248,-505.273,94.22989,28.52592,28.25632,16.75782,1.298872,-16.1163,-12.1973,-12.1827,-9.0067,-8.97744,-6.64659,-5.48515,-6.31939,-1.75039,-7.66812,-7.45413,-3.79345,-2.83024,-6.00671,1
11.38,11.38,0.433506668,0.226328999,-372.995,132.9787,-6.16091,23.41249,5.89731,3.759637,-24.7996,-14.2411,-10.1237,-5.19242,-2.28161,-7.92926,-3.75272,-8.18067,2.125803,-8.54988,-8.47355,-3.67396,-2.20065,-4.09242,1
12.8,12.8,0.393601626,0.069320954,-455.594,122.8617,6.748223,30.54849,-6.92064,3.800584,-19.8856,2.295588,-20.1025,-4.06329,-1.55496,-7.35605,-0.51648,-10.2819,-0.99332,-10.7136,1.683634,-6.7877,-1.93844,-2.53714,1
12.1,12.1,0.470690846,0.091224983,-409.919,129.1659,-11.192,27.9433,-21.6773,13.06662,-22.0453,4.67525,-21.2855,-2.97898,-2.25362,-4.98459,3.991748,-11.6592,0.028829,-12.9941,2.135206,-8.8146,-0.8362,-4.72008,1
12.13,12.13,0.410718083,0.048514329,-444.205,137.3473,5.862021,41.1416,-9.11963,16.34585,-27.1579,-0.30124,-20.3691,-3.08488,-3.39945,-9.87013,-0.55074,-12.6362,2.108744,-12.2661,1.351028,-7.54733,-0.94927,-3.863,1
12.14,12.14,0.405587047,0.151815042,-429.811,116.1929,20.77208,16.71614,-4.82584,-0.72264,-11.7247,-5.77793,-15.3162,-4.91775,-1.48477,-4.37344,-0.71495,-7.82371,-4.48954,-7.87605,-1.45482,-5.61818,-4.84126,-3.59951,1
12.16,12.16,0.408365399,0.169308797,-410.424,133.0041,9.97627,20.99066,-1.73484,1.864376,-18.4145,-6.323,-18.2298,-5.61709,-4.06774,-7.52734,-1.40334,-8.78609,-1.10102,-8.7245,-1.81502,-5.99132,-2.60051,-3.64502,1
12.17,12.17,0.395201862,0.093473293,-426.472,134.2832,8.730132,32.92639,-9.94386,9.236605,-21.3415,-1.66094,-20.1619,-3.55398,-2.9125,-7.04341,1.301943,-9.96098,-0.6297,-13.6172,-0.07334,-6.51081,-1.77988,-3.92483,1
12.19,12.19,0.404075354,0.12022911,-436.488,161.3205,10.65014,20.55985,-28.0263,1.907021,-16.4775,6.478312,-14.3149,-6.20049,1.432555,-6.71916,5.547853,-11.5326,-4.68134,-15.4809,-3.57935,-6.84414,-4.3613,-1.75739,1
12.21,12.21,0.361671716,0.277727008,-397.133,137.176,14.54679,25.2585,-14.9235,-1.41189,-14.2201,-5.5963,-18.6821,-11.3404,-2.39569,-5.49235,2.358425,-8.95527,-1.89056,-10.6653,-3.9487,-3.46989,-4.61537,-2.13135,1
12.27,12.27,0.351831913,0.052684706,-578.454,54.19171,5.978683,14.20539,-5.22378,7.064358,-15.2252,4.38711,-13.6634,-0.45422,-3.05807,-4.53777,2.322048,-6.43146,3.710137,-8.2071,2.129417,-4.10898,-1.01385,-1.47562,1
12.29,12.29,0.423713297,0.111596651,-426.549,140.1508,9.859693,22.80278,-12.9566,10.4761,-22.9481,1.521378,-17.8854,-3.49951,-5.44183,-9.13375,3.400124,-8.85739,0.745509,-11.6197,0.287933,-9.10924,-4.34502,-4.24188,0
12.3,12.3,0.338600874,0.295025349,-399.221,150.083,18.22097,23.92017,-26.4294,1.780754,-21.1951,-0.35623,-15.6371,-6.29305,-8.66444,-9.14184,0.58987,-8.00882,3.589743,-9.23168,-0.35128,-7.68724,-3.01005,-3.2738,0
12.31,12.31,0.418263048,0.090248898,-434.841,139.0965,12.55117,22.10581,-10.648,8.525986,-23.5614,-8.78264,-17.6402,0.135955,-1.24425,-7.87633,0.41382,-7.21116,0.269711,-10.5101,-0.82481,-9.80761,-4.64604,-3.78696,1
12.32,12.32,0.405566394,0.110597052,-414.759,134.6477,17.45458,23.46609,-4.53829,6.493211,-18.0703,-7.75135,-19.5209,-4.22532,-3.80534,-7.32544,0.606124,-10.0963,-2.32252,-10.8276,-3.18676,-6.96033,-3.7514,-3.04054,1
12.33,12.33,0.437052011,0.097387381,-452.683,117.2271,3.472109,28.29042,-12.5487,12.3706,-16.2882,0.127765,-19.8379,-4.46009,-4.83605,-6.00391,3.064905,-10.1365,0.270877,-12.5792,-0.12909,-7.21952,-2.08855,-2.64645,1
12.35,12.35,0.430669248,0.136799797,-411.436,119.574,8.477587,27.1407,-9.83796,9.255271,-16.7988,-3.75718,-16.8608,-6.5217,-5.92549,-6.92631,-0.09706,-10.0521,-0.65523,-10.9688,-1.48893,-6.43611,-2.50412,-3.63983,0
12.37,12.37,0.465339959,0.05669684,-454.085,132.6797,20.09599,23.77139,-1.19595,6.106556,-14.1538,-5.48573,-12.6621,-7.04099,-4.00006,-10.7374,-2.16615,-8.28582,-2.55653,-9.01944,-3.63804,-5.60427,-5.8328,-2.43014,1
13.1,13.1,0.473576218,0.006297569,-514.026,139.9285,-11.3188,56.90848,-16.027,21.30957,-22.7849,11.75166,-11.9745,-1.88016,-5.00818,-10.5084,4.626604,-15.9453,1.911924,-12.6459,3.080743,-6.51251,-2.27276,-2.90081,0
13.3,13.3,0.341347158,0.007482708,-512.735,148.7704,-5.4126,36.84118,-18.4676,25.75688,-25.9426,9.358186,-15.9401,4.720972,-6.0204,-8.76837,-1.45281,-15.5116,3.439127,-14.2083,3.251833,-9.31433,0.966421,-7.14395,1
13.4,13.4,0.394229501,0.009702954,-487.756,148.3058,-9.98714,39.34242,-21.544,15.49802,-33.7302,3.425327,-15.183,4.980803,-5.84558,-6.19046,2.980989,-13.3219,3.564514,-15.2449,3.178986,-9.91252,-1.51815,-5.84016,1
13.5,13.5,0.404645205,0.03114189,-476.032,95.49445,-6.21158,20.46091,-7.53555,6.416593,-21.0894,-0.51238,-11.0814,0.108618,-4.76384,-5.45489,-0.30963,-8.64092,1.823325,-9.90488,0.612308,-5.6777,-2.08696,-4.24911,0
13.6,13.6,0.387217879,0.021958366,-470.749,132.3014,0.354344,30.41127,-7.06245,6.644179,-23.6871,-2.89035,-13.9368,-1.88142,-6.74991,-5.89633,-0.36835,-11.1304,0.666061,-11.2071,1.050903,-6.76588,-2.72027,-4.51054,0
13.7,13.7,0.418334901,0.009520813,-474.618,151.2145,-21.852,40.20945,-24.001,18.51586,-31.657,8.946783,-12.3487,6.81243,-5.8599,-8.98509,1.430518,-13.779,0.902512,-17.7168,4.388664,-9.87609,0.816843,-6.41148,0
13.8,13.8,0.29428795,0.024379918,-481.947,132.8905,-3.17987,28.1878,-15.6791,9.918098,-23.0922,1.552478,-14.0511,1.914918,-6.01836,-7.89285,0.032185,-13.2645,0.712491,-12.9029,-0.25109,-8.47375,-2.61915,-5.72406,0
13.1,13.1,0.439917505,0.011404376,-475.067,126.0004,-12.2409,35.1582,-16.3257,19.08374,-21.9163,6.583377,-12.5724,1.872328,-5.66692,-7.17467,0.272343,-13.3129,1.997422,-14.0702,2.057425,-8.60278,-1.52991,-5.24236,1
13.13,13.13,0.361172825,0.024614727,-473.816,132.5835,-9.86034,32.07722,-17.8073,13.12053,-22.1771,0.71214,-15.8342,1.806671,-6.91421,-10.1522,1.071038,-10.2833,3.199223,-13.5059,2.362856,-7.17003,-3.37005,-6.36538,1
13.16,13.16,0.34402442,0.023085574,-519.011,91.57455,-1.56597,21.32703,-5.39031,9.697956,-21.0937,2.289404,-8.48231,1.901221,-6.32507,-6.64472,3.03193,-8.95997,1.205581,-11.429,1.17479,-5.42323,-3.20846,-3.64701,0
13.17,13.17,0.348284543,0.023297241,-436.014,140.4772,-17.2006,30.90813,-19.2472,13.85052,-26.763,0.522643,-12.2215,2.18521,-6.98504,-9.1326,0.851176,-13.8757,2.102946,-14.9736,0.272396,-6.97018,-3.42624,-5.66705,0
13.2,13.2,0.427194238,0.167908475,-445.838,113.4363,12.60153,19.96099,4.100689,0.522613,-10.9598,-10.1139,-10.1669,-5.2436,-3.01864,-6.31094,-6.56044,-8.89959,-2.33434,-5.97566,-2.25609,-1.02925,-3.96958,-2.62745,1
13.21,13.21,0.537133455,0.013882503,-491.715,120.9338,-5.1485,42.1683,-15.743,20.1812,-22.0239,2.564019,-10.236,0.412559,1.059249,-10.7027,0.009936,-13.3914,3.683129,-12.6839,1.031012,-3.86406,-2.51947,-1.79466,0
13.22,13.22,0.366969049,0.016556753,-476.613,131.7951,-17.313,37.93935,-22.3493,17.85765,-27.8394,3.263494,-16.6285,1.461839,-5.27544,-5.95643,0.971496,-13.6853,5.66337,-15.2924,1.699372,-8.97141,-2.57757,-5.63226,0
13.23,13.23,0.336640835,0.02391207,-453.724,144.5847,-8.11255,41.70029,-24.6381,9.96913,-19.1484,-2.64573,-19.7734,-2.63356,-7.14444,-4.75416,-2.64009,-14.1899,5.334693,-14.83,1.048628,-8.39795,-3.44227,-5.14876,0
13.24,13.24,0.361738592,0.038015995,-416.089,143.3222,-18.7309,23.6836,-23.8603,7.625906,-24.8483,-5.30881,-16.0475,-0.76586,-5.29589,-5.1267,0.319799,-12.5555,3.084943,-13.2006,-0.18148,-7.98114,-3.69313,-4.63727,0
13.28,13.28,0.352552563,0.040141482,-450.062,116.4958,1.785167,20.97316,-5.29123,3.092508,-16.1169,-7.63114,-12.5086,0.294207,-6.6484,-7.52944,-0.83185,-8.82496,0.088928,-10.5612,-2.18796,-5.22342,-4.22681,-4.81505,1
13.31,13.31,0.28969422,0.044558834,-456.233,136.5964,-1.588,23.5918,-19.8645,16.60024,-17.7531,-1.32164,-15.3619,0.078882,-6.66411,-10.4931,-0.29646,-12.6271,2.569213,-10.489,-1.3799,-8.47711,-4.05655,-8.37455,1
13.32,13.32,0.397336513,0.024974992,-460.256,130.7141,-4.04909,25.38738,-12.0601,12.56384,-20.1615,-2.89407,-11.3439,3.360237,-6.05134,-8.34737,1.451433,-11.2317,0.869198,-10.6799,-0.1081,-8.22203,-3.85175,-6.1216,0
13.34,13.34,0.388509899,0.016964046,-477.146,127.5653,-11.4991,31.22911,-17.5112,14.40642,-23.0855,-1.81801,-14.4399,1.93254,-6.47903,-7.83799,2.213563,-11.399,3.502037,-12.6535,0.404631,-7.49494,-2.71868,-4.99272,1
14.11,14.11,0.414428711,0.071315669,-392.258,165.7048,-30.6634,41.42596,-4.33147,11.32176,-13.4967,-10.0839,-32.8986,-10.7925,-0.76198,-4.51484,-3.10956,-2.25119,-2.54746,-9.13117,-2.691,-5.63626,-0.94134,-3.14605,1
14.16,14.16,0.373853236,0.25380978,-355.422,160.1239,-23.2453,28.85057,3.87837,2.859736,-11.9498,-1.92374,-36.2398,-13.4703,2.356864,-3.96378,-5.76436,-5.43539,-0.1949,-9.97754,-2.06103,-9.65789,-2.96453,-2.02555,0
14.17,14.17,0.418867469,0.341230392,-338.448,118.0392,-7.01546,20.21395,9.655602,7.473179,-11.5427,-4.17006,-27.5445,-9.06035,-3.71389,-7.49749,-5.4566,-2.695,-3.92786,-8.72925,-2.28292,-6.51519,-1.38103,-3.73653,0
14.19,14.19,0.430294245,0.215100393,-355.719,142.5975,-18.8946,28.79227,-1.575,10.63178,-18.1522,-5.29926,-28.496,-5.74489,-5.11111,-7.42609,-3.91526,-3.6343,-1.68865,-8.5652,-2.20852,-9.14349,-0.73983,-3.46459,1
14.2,14.2,0.444915295,0.060560886,-414.032,155.8955,-13.1005,37.27146,-9.94804,8.540986,-13.6518,1.635571,-24.9467,-11.7133,-5.62523,-3.00064,-7.23826,-2.01619,0.584973,-9.63087,0.246008,-8.37078,-2.04062,-3.31863,1
14.21,14.21,0.489676893,0.052297547,-469.894,158.54,-26.673,44.0183,15.69562,6.540677,-15.3148,-5.08155,-20.4929,-10.8711,-3.06322,-6.36591,-11.8345,-4.53962,1.181896,-12.6404,0.016743,-9.44018,-0.5963,-4.77314,1
14.24,14.24,0.512429059,0.013447281,-516.456,146.2353,-0.77228,36.54913,3.62516,7.870158,-0.97172,-3.94725,-10.8488,-4.02213,-10.2255,-6.51267,-7.85136,-8.75997,-5.03873,-9.70558,-2.64135,-2.95889,-2.25837,-6.07518,1
14.25,14.25,0.43858403,0.127392352,-384.248,128.8673,-17.8704,32.37342,-2.53621,14.00098,-15.8256,-1.80002,-25.5413,-4.87971,-4.92625,-6.5521,-4.53792,-3.079,-1.1307,-10.835,-0.25151,-6.58091,-0.85942,-3.55121,1
14.29,14.29,0.407429844,0.211801142,-361.781,133.8871,-8.40687,23.43348,-0.13746,8.858065,-19.7184,-5.38703,-24.743,-7.78107,-4.23378,-5.97146,-4.13452,-2.54115,-1.50219,-8.70266,-0.60934,-5.59396,-1.42138,-3.68287,1
14.3,14.3,0.418191105,0.129884288,-396.43,133.8716,1.759611,25.20939,-8.08951,15.45307,-13.2346,-2.91072,-22.9875,-10.467,-6.44979,-3.62095,-5.13132,-2.12567,-0.61599,-10.9454,-0.89928,-6.42214,-0.97134,-3.81891,1
14.34,14.34,0.415084988,0.134560615,-400.768,135.0322,-10.9299,25.52941,4.463653,8.713394,-12.7923,-2.03777,-23.4625,-10.7287,-3.8893,-5.88093,-6.79154,-2.38133,-0.71753,-8.31175,-1.01721,-5.53568,-2.25526,-4.69679,1
14.37,14.37,0.423568904,0.183061987,-386.061,126.7555,-6.38016,22.02838,4.900605,9.041143,-12.8954,-5.62276,-24.8091,-10.0772,-4.25915,-5.18507,-4.71941,-3.22727,-1.74327,-8.28626,-2.09244,-5.58578,-1.42913,-3.335,1
15.1,15.1,0.493355155,0.062245507,-354.283,95.46618,16.45599,42.60316,19.81025,14.77024,1.287349,0.541806,-4.67053,5.597031,-10.0997,8.835604,2.62017,3.761767,-2.32291,5.857663,-11.075,1.605738,-5.70348,6.290135,0
15.3,15.3,0.568884432,0.033612113,-415.903,105.8974,24.21375,36.96139,25.88306,21.25504,12.45153,6.893691,-8.56288,8.574071,0.540868,8.968895,-0.60947,1.19599,-2.84035,6.478838,-8.93722,2.008545,-6.25985,4.731231,1
15.4,15.4,0.499971211,0.044642687,-400.379,118.6403,24.67836,35.54948,17.30368,14.5045,11.97514,1.296275,-9.47433,3.590624,0.114253,14.1603,2.652191,-0.37709,0.531323,4.260808,-12.9729,1.979236,-5.63351,1.276361,1
15.5,15.5,0.535138607,0.037141725,-419.323,117.3006,24.52701,35.63297,22.96937,20.17672,10.23804,3.336987,-7.07943,4.996155,-2.87829,7.902986,0.521896,2.451688,-0.97624,3.785913,-8.55659,2.52334,-6.25698,3.984272,0
15.11,15.11,0.486228555,0.064553045,-382.691,138.0798,17.52507,26.41323,14.96064,14.1285,10.54336,0.989293,-9.98169,4.408412,-5.34239,8.632684,4.927907,3.721096,-1.51757,3.689856,-9.6471,3.008282,-6.7479,2.596114,1
15.12,15.12,0.495520055,0.060405299,-358.199,127.5257,8.681583,29.64278,16.57777,15.86082,3.463482,2.533994,-9.10128,6.042935,-5.30866,9.26492,6.541939,2.948366,-1.08464,3.177508,-11.7907,3.508875,-5.9474,3.274296,1
15.13,15.13,0.49573189,0.117570244,-364.558,142.7504,18.66845,22.22003,9.662305,11.75004,12.87461,1.986716,-12.2594,2.328981,-4.81913,8.665389,6.601666,3.692964,-0.78298,3.449295,-11.343,2.02764,-5.63996,0.727098,1
15.14,15.14,0.490438789,0.066935875,-376.247,126.7559,19.00923,33.46929,16.40082,13.52937,11.0062,-0.97321,-10.2057,3.346964,-4.74973,9.722655,3.201605,2.527533,-0.33338,3.03761,-10.0428,2.982696,-6.16074,2.709165,1
15.15,15.15,0.462949783,0.03517136,-421.196,133.6779,36.40437,35.09928,22.11709,16.49541,8.327345,3.663389,-14.3844,-2.43842,-5.45675,7.084075,-0.08837,4.049264,-1.54372,2.048323,-10.3372,1.343378,-6.63503,4.232801,0
15.16,15.16,0.470141202,0.116521254,-337.879,134.414,12.10846,28.7252,10.87853,8.27002,9.18353,-0.67667,-13.1696,3.580729,-3.96655,11.52093,4.947362,2.348205,1.444848,2.776957,-13.2388,1.954464,-7.11604,2.622614,1
15.17,15.17,0.522602141,0.046934016,-414.857,129.0703,25.44946,33.32586,21.61212,18.6305,10.72184,3.391116,-9.10609,1.852932,-3.81253,8.320552,2.148768,3.870122,-2.01535,2.287312,-8.28005,3.811981,-5.08709,4.161823,0
15.19,15.19,0.464217067,0.09368968,-357.206,147.9096,22.60124,20.76309,-2.26464,-1.35697,15.62305,5.799568,-10.4572,-6.91636,-3.56727,18.31446,14.52026,4.918706,-2.49358,7.125494,-19.4211,0.338685,-1.68368,2.933272,1
15.2,15.2,0.567450285,0.046947546,-405.599,141.4392,25.35173,29.56352,19.72773,10.96966,10.62601,1.60274,-9.60216,7.620642,-1.08719,9.704084,-2.27627,3.477044,-0.24442,4.934683,-15.2636,-0.99236,-5.32533,5.016873,0
15.22,15.22,0.496874511,0.056543581,-387.88,127.1187,17.45002,33.98217,18.13391,18.00955,11.24461,-3.26975,-8.77087,5.523521,-4.35906,10.20609,4.545761,3.883635,-1.05643,4.285438,-11.0803,2.030607,-6.57729,4.29758,1
15.24,15.24,0.494681209,0.304268509,-297.331,111.9002,0.206881,21.40633,15.2458,12.23094,5.010717,1.541383,-15.677,7.23231,-0.21903,7.042694,6.121083,-0.27277,1.311702,2.61156,-11.7114,1.931503,-6.99301,0.416535,0
15.25,15.25,0.488121033,0.084998444,-350.443,122.2334,16.30114,31.51223,13.66435,12.85841,11.72945,-3.02059,-10.3502,3.136107,-6.80056,9.947197,3.531587,3.460629,1.061589,4.869569,-11.5472,2.345855,-6.8811,4.410843,0
15.27,15.27,0.494991153,0.060218442,-390.286,124.7258,17.70695,30.87476,17.70243,17.95748,11.09025,-0.63128,-10.9062,4.242012,-4.42335,8.561836,2.692792,2.779322,-0.38421,5.727895,-9.8854,1.397995,-7.62108,3.477625,1
15.29,15.29,0.536385775,0.044069596,-424.888,123.4366,23.22572,32.31753,21.78375,19.01747,10.61234,6.105385,-6.35569,5.022477,-4.40335,6.756012,2.314925,4.3548,-1.72083,3.078306,-7.54977,3.897465,-5.46151,3.190543,0
15.32,15.32,0.479207605,0.082939021,-357.758,130.8537,17.92832,32.01618,14.41618,7.231849,5.642766,-2.30907,-10.5167,2.641763,-4.63596,6.473839,2.870213,3.491725,1.601671,7.070803,-7.43898,1.544753,-5.45451,3.780056,1
15.33,15.33,0.480027437,0.059533004,-385.964,127.4773,17.37936,33.87045,18.20889,13.5755,8.391383,0.621797,-9.31928,2.212211,-5.85244,9.442257,2.795859,4.287601,0.223008,5.416253,-8.542,2.997672,-7.19484,5.038803,1
15.35,15.35,0.514031291,0.046731841,-394.165,117.0954,22.08969,31.22002,18.39333,14.94736,9.233454,0.222391,-7.40251,2.047808,-3.01667,7.294704,4.303569,2.727331,1.215282,3.5253,-5.24208,2.244775,-4.91304,2.637885,1
16.1,16.1,0.455439627,0.084907277,-410.095,106.7581567,-0.537339333,35.52364,12.20179,11.82118533,-6.976912333,-2.36873,-4.662204,5.570246333,-1.519606667,0.017719667,0.478041333,-2.614950667,2.955036,-1.956111333,-4.904316667,2.522030333,-6.043806667,0.251014,1
16.4,16.4,0.462180456,0.09011381,-415.9496667,111.9017967,3.999325,37.77425667,10.69773,14.38538333,-4.834719,-5.97545,-8.318233333,2.507661333,0.278165,0.741461667,0.341018,-2.167847667,1.306575333,0.307615333,-4.331973333,1.261731333,-5.18423,-0.050944,1
16.6,16.6,0.462180456,0.09011381,-415.9496667,111.9017967,3.999325,37.77425667,10.69773,14.38538333,-4.834719,-5.97545,-8.318233333,2.507661333,0.278165,0.741461667,0.341018,-2.167847667,1.306575333,0.307615333,-4.331973333,1.261731333,-5.18423,-0.050944,1
16.7,16.7,0.449623913,0.07812073,-414.8026667,111.6632967,-0.898419,35.11404333,12.61583667,12.88443667,-4.520523333,-4.32408,-7.021073333,5.916070667,-0.959649,0.086967,0.363288,-1.769969333,2.854286,-1.018062333,-5.027106667,1.906095667,-5.703853333,0.791784333,1
16.8,16.8,0.520023992,0.059178314,-393.8673333,113.2412,16.93497867,37.64906,21.16252333,12.689528,1.049138,1.655035667,-0.643098,11.416088,1.432938,7.589233,1.380226667,2.018355667,-0.070150333,2.99404,-6.37536,5.240852333,-4.985976667,1.571529,1
16.1,16.1,0.455438475,0.108152683,-403.1273333,91.64968667,5.729605667,33.79098,17.78477667,10.392982,3.521456667,-5.123193333,-1.821074,10.23171033,-0.362775667,3.355552,-1.01997,2.883272,0.352780667,2.231329667,-5.788043333,6.054187333,-6.136906667,1.479147667,1
16.14,16.14,0.467243244,0.092086251,-386.73,102.4672567,8.869797333,32.85902333,18.46379333,9.867224333,0.712347667,-2.09991,-0.793054,10.14250133,-0.015313667,6.204143,-0.161088,0.610452667,1.517342333,2.195055333,-6.428023333,5.753002,-5.88459,1.219418,1
16.17,16.17,0.519948284,0.054632142,-383.8926667,132.0278667,17.161111,31.06282333,18.14647,14.94667667,8.444700667,0.288994667,-9.158103333,6.395699333,-3.58497,9.725031333,2.937143333,3.436348333,-0.795163333,4.132543,-12.71153333,1.515707333,-5.950006667,4.196249667,1
16.21,16.21,0.455476026,0.072348534,-384.273,122.3734667,-5.371214,34.24594333,12.9346,13.25507333,-5.277193,-3.534923333,-7.221536667,8.54354,-0.65803,1.654650667,-0.572382,-1.734157,2.150479333,-1.531910333,-6.676613333,2.421105,-5.339773333,2.224663667,1
16.24,16.24,0.455438475,0.108152683,-403.1273333,91.64968667,5.729605667,33.79098,17.78477667,10.392982,3.521456667,-5.123193333,-1.821074,10.23171033,-0.362775667,3.355552,-1.01997,2.883272,0.352780667,2.231329667,-5.788043333,6.054187333,-6.136906667,1.479147667,1
16.25,16.25,0.455439627,0.084907277,-410.095,106.7581567,-0.537339333,35.52364,12.20179,11.82118533,-6.976912333,-2.36873,-4.662204,5.570246333,-1.519606667,0.017719667,0.478041333,-2.614950667,2.955036,-1.956111333,-4.904316667,2.522030333,-6.043806667,0.251014,1
16.26,16.26,0.474419892,0.081770908,-394.7656667,115.7259667,4.460802,42.17128333,11.93996333,14.85368333,-7.256851333,-4.943366667,-6.666546667,4.734350667,0.207813667,1.656136667,1.035641667,-2.73287,1.473908667,-0.159867,-5.313086667,1.832969333,-5.953403333,-0.037511667,1
16.27,16.27,0.480234454,0.111802861,-383.0903333,95.71235667,11.08882667,40.84822,17.10890333,12.36222867,0.785128667,-5.74248,-1.466547333,9.049990333,0.804687,4.924721667,-0.347616333,1.920371333,-1.027596667,3.089525,-6.074023333,5.981061,-6.386456667,0.649851667,1
16.28,16.28,0.427808404,0.232327734,-366.8053333,106.9383,-1.262973333,32.30778333,9.61233,2.346476667,-10.28967267,-6.462633333,-6.536163333,3.420513,0.179920667,-0.549772667,-1.506737667,1.198962,1.871419333,-1.186707667,-2.638516667,1.590092667,-3.946643333,-0.834661333,1
16.34,16.34,0.529580365,0.039085414,-532.01,70.59622,10.01595933,22.94568733,11.908237,9.423388,3.530303333,1.078420333,-1.877743333,6.038385667,0.637316667,4.667908667,-1.412663333,2.665127667,-0.264808,1.094094333,-4.40329,3.970627667,-3.213573333,1.228896333,1
16.35,16.35,0.485179285,0.106007432,-389.8413333,95.42022333,10.46644067,40.01519667,17.96866333,12.574252,3.742299667,-3.780606667,-1.938067333,8.176773667,0.175787333,5.254589,-1.608093333,2.124979,0.039930667,1.874283,-6.508053333,6.965934667,-6.402546667,1.433176333,1
16.36,16.36,0.46799617,0.096900358,-411.242,106.9966567,4.360404667,38.18385333,10.28368333,13.322132,-7.291108,-4.0201,-5.959364,2.161837,-0.281792667,0.672214333,0.455771333,-3.012829,1.407325333,-0.630433667,-4.209183333,1.877666,-5.524183333,-0.591714333,1
16.37,16.37,0.455439627,0.084907277,-410.095,106.7581567,-0.537339333,35.52364,12.20179,11.82118533,-6.976912333,-2.36873,-4.662204,5.570246333,-1.519606667,0.017719667,0.478041333,-2.614950667,2.955036,-1.956111333,-4.904316667,2.522030333,-6.043806667,0.251014,1
16.38,16.38,0.455439627,0.084907277,-410.095,106.7581567,-0.537339333,35.52364,12.20179,11.82118533,-6.976912333,-2.36873,-4.662204,5.570246333,-1.519606667,0.017719667,0.478041333,-2.614950667,2.955036,-1.956111333,-4.904316667,2.522030333,-6.043806667,0.251014,1
17.12,17.12,0.46799617,0.096900358,-411.242,106.9966567,4.360404667,38.18385333,10.28368333,13.322132,-7.291108,-4.0201,-5.959364,2.161837,-0.281792667,0.672214333,0.455771333,-3.012829,1.407325333,-0.630433667,-4.209183333,1.877666,-5.524183333,-0.591714333,0
17.14,17.14,0.466989031,0.067103506,-394.88,121.6964,3.379545333,36.68036333,14.51266667,11.18015133,-10.42297667,-2.007112667,-4.635174667,6.629898667,-0.17835,1.717762667,3.390934667,-3.805309667,2.506588333,-0.190778,-4.965293333,0.406353333,-5.231753333,0.005054667,0
17.15,17.15,0.455439627,0.084907277,-410.095,106.7581567,-0.537339333,35.52364,12.20179,11.82118533,-6.976912333,-2.36873,-4.662204,5.570246333,-1.519606667,0.017719667,0.478041333,-2.614950667,2.955036,-1.956111333,-4.904316667,2.522030333,-6.043806667,0.251014,0
17.16,17.16,0.455438475,0.108152683,-403.1273333,91.64968667,5.729605667,33.79098,17.78477667,10.392982,3.521456667,-5.123193333,-1.821074,10.23171033,-0.362775667,3.355552,-1.01997,2.883272,0.352780667,2.231329667,-5.788043333,6.054187333,-6.136906667,1.479147667,0
17.2,17.2,0.467243244,0.092086251,-386.73,102.4672567,8.869797333,32.85902333,18.46379333,9.867224333,0.712347667,-2.09991,-0.793054,10.14250133,-0.015313667,6.204143,-0.161088,0.610452667,1.517342333,2.195055333,-6.428023333,5.753002,-5.88459,1.219418,0
17.22,17.22,0.467243244,0.092086251,-386.73,102.4672567,8.869797333,32.85902333,18.46379333,9.867224333,0.712347667,-2.09991,-0.793054,10.14250133,-0.015313667,6.204143,-0.161088,0.610452667,1.517342333,2.195055333,-6.428023333,5.753002,-5.88459,1.219418,0
17.23,17.23,0.530094326,0.043441172,-488.491,80.13487,11.855351,29.98295067,14.70185033,11.332915,2.629306333,0.750187,-0.968226667,9.255234,0.771901,5.356512333,-0.390696333,2.633820333,-0.62371,1.88499,-5.05667,4.898000667,-4.212983333,1.479577,0
17.24,17.24,0.467243244,0.092086251,-386.73,102.4672567,8.869797333,32.85902333,18.46379333,9.867224333,0.712347667,-2.09991,-0.793054,10.14250133,-0.015313667,6.204143,-0.161088,0.610452667,1.517342333,2.195055333,-6.428023333,5.753002,-5.88459,1.219418,1
17.25,17.25,0.530094326,0.043441172,-488.491,80.13487,11.855351,29.98295067,14.70185033,11.332915,2.629306333,0.750187,-0.968226667,9.255234,0.771901,5.356512333,-0.390696333,2.633820333,-0.62371,1.88499,-5.05667,4.898000667,-4.212983333,1.479577,1
17.26,17.26,0.461632987,0.107360134,-438.4,81.18847,2.508494667,28.93136333,14.82200333,7.174658,-1.285233,-4.567093333,-0.680296,7.644168333,-0.652574667,2.444567,-0.957483333,2.683046667,-0.362888,2.257320667,-4.68308,4.538550333,-5.21572,0.633985333,1
17.28,17.28,0.452341537,0.104606792,-399.5763333,91.32079667,4.361527,35.78861333,18.29915,10.450182,1.71343,-5.76766,-1.268827333,10.39934467,-0.722876667,3.129747,-1.766663333,3.034525667,0.682825333,1.326627333,-5.874463333,6.330075667,-6.289356667,1.518409667,1
17.29,17.29,0.47086978,0.042262789,-409.831,136.3450333,8.533716667,31.48460667,6.204813333,14.27657667,-1.630793333,-0.381455667,-10.19817667,5.109791,-4.143763333,3.592524667,1.040222333,-2.171673667,0.267365333,-1.917826333,-8.690501333,-1.977311,-5.10962,1.215801,0
17.32,17.32,0.450060129,0.082979176,-408.1306667,114.04369,2.763761333,31.02768,10.77881333,10.61510433,-10.32106,-2.339403333,-4.814350667,4.127564667,-0.472893667,1.621768333,1.902776667,-4.527355333,2.884737,-0.309661333,-4.129153333,0.664733333,-5.006226667,-0.805472667,0
17.34,17.34,0.455439627,0.084907277,-410.095,106.7581567,-0.537339333,35.52364,12.20179,11.82118533,-6.976912333,-2.36873,-4.662204,5.570246333,-1.519606667,0.017719667,0.478041333,-2.614950667,2.955036,-1.956111333,-4.904316667,2.522030333,-6.043806667,0.251014,1
17.35,17.35,0.431799124,0.024537234,-538.824,83.66822,-4.938211,20.519024,-6.786089667,7.255469333,-13.97301167,0.083078667,-9.16932,1.392874333,-4.10251,-4.747668667,0.060426,-6.160452,1.512842667,-7.683233333,0.439631333,-3.84625,-2.260563333,-3.2258,1
17.36,17.36,0.484490405,0.073301158,-402.778,121.6427667,7.654903333,38.50755333,13.45432,12.89312133,-7.780001333,-1.696609333,-6.403854667,2.348272667,0.430564333,2.702124667,2.108187667,-3.998580333,2.026405,-0.080342333,-4.70419,0.746862667,-4.72822,-0.054349,1
18.1,18.1,0.342986941,0.005089916,-596.384,79.72433,-4.25062,32.37351,-21.424,19.95057,-28.2316,19.12325,-18.4907,1.020637,-2.29878,-9.55771,2.95701,-8.46766,6.372352,-13.3785,3.816835,-9.98022,-0.91534,-8.50467,1
18.2,18.2,0.351816624,0.008955761,-565.623,97.05064,4.022994,26.15997,-13.0057,18.83768,-25.7167,9.185869,-17.4701,-1.05103,-4.6365,-6.36072,3.206713,-9.10207,5.728637,-12.2649,1.891454,-8.55213,-3.14687,-8.42574,1
18.5,18.5,0.363935739,0.008530534,-529.338,103.4781,6.963641,29.71284,-6.12611,12.0579,-28.9129,6.514232,-12.0775,0.210204,-4.95498,-7.95336,0.244524,-7.21629,6.578737,-11.4014,1.69154,-7.50306,-4.00501,-7.16778,1
18.6,18.6,0.378905982,0.02074011,-469.471,116.8128,14.19594,20.52174,1.993639,3.518198,-22.3286,-2.00391,-10.007,-3.26345,-5.29001,-7.65809,-3.32714,-5.05856,3.205826,-9.09131,-1.31243,-5.9316,-6.1113,-7.47717,1
18.7,18.7,0.363922894,0.017283754,-470.303,141.2177,-10.657,39.82201,-14.5838,11.91172,-35.8799,5.56061,-16.0277,-1.69343,-3.22031,-8.41811,-0.32603,-6.38167,6.635505,-14.242,3.190247,-10.5608,-5.30203,-8.87745,1
18.9,18.9,0.406131744,0.012172498,-480.539,119.4185,6.13037,27.7315,-7.34286,10.86908,-24.0377,3.468598,-14.0286,-1.36132,-4.53261,-8.93425,-0.92226,-6.76383,3.667191,-12.5135,0.895076,-8.20051,-4.99327,-7.68854,1
18.11,18.11,0.323461682,0.010431252,-487.538,134.2109,-4.61511,38.64842,-12.8771,13.6963,-34.9715,4.768939,-15.4885,2.03728,-4.65405,-9.19735,-0.24749,-7.29147,7.056455,-14.6403,1.917542,-10.5128,-3.53619,-11.0591,1
18.12,18.12,0.377022535,0.017932422,-482.562,123.2188,0.561686,37.23484,-12.9955,10.07706,-29.6854,6.86509,-16.6906,-1.97522,-4.30055,-9.45074,-0.54157,-6.87192,4.645474,-13.7466,2.754178,-9.56895,-3.60378,-7.93148,1
18.13,18.13,0.385863394,0.014671014,-492.9343333,121.9117,-0.124183333,30.64039333,-8.854453667,11.08614933,-28.6459,5.381443333,-13.36393333,-0.779583333,-4.85664,-8.571543333,-0.526146333,-6.904746667,5.281341333,-11.98803667,1.789785667,-8.13612,-4.26237,-8.398003333,1
18.15,18.15,0.393681377,0.019310495,-493.0113333,110.8461,5.583718333,24.79337667,-5.700430333,6.264519333,-23.95523333,4.161826,-12.48593333,-1.609358,-5.17282,-8.914903333,-0.588262333,-5.96071,3.776976333,-10.22078667,1.224742,-6.48889,-4.301723333,-7.543646667,1
18.18,18.18,0.404513935,0.149863542,-422.6353333,102.9382567,5.246083333,25.71326667,8.032366,7.959614333,-12.932039,1.268655333,-8.209363333,2.370863333,-2.940423333,-3.330810333,-0.505863333,-3.003356,0.953596333,-4.254823667,-2.074109,-2.750118667,-4.672646667,-2.181219,1
18.2,18.2,0.384429127,0.041311465,-508.2623333,102.6451567,-0.503316667,23.36989667,-4.802144,9.754854333,-22.6999,4.102439333,-12.35031,-0.438728,-3.944766667,-7.428536667,0.454137667,-7.38906,3.358626333,-9.240153333,1.664600333,-6.562146667,-2.87719,-6.076273333,1
18.22,18.22,0.384429127,0.041311465,-508.2623333,102.6451567,-0.503316667,23.36989667,-4.802144,9.754854333,-22.6999,4.102439333,-12.35031,-0.438728,-3.944766667,-7.428536667,0.454137667,-7.38906,3.358626333,-9.240153333,1.664600333,-6.562146667,-2.87719,-6.076273333,0
18.23,18.23,0.414761305,0.005989179,-539.029,107.7046,-3.91149,31.57743,-13.9732,17.82853,-27.7292,12.58763,-14.0571,2.61813,-6.0596,-9.63843,2.074731,-9.27401,6.002693,-12.6308,3.49154,-7.91596,-1.37378,-8.83939,1
18.24,18.24,0.414805502,0.00598917,-539.029,107.7046,-3.91064,31.57677,-13.9732,17.82833,-27.7266,12.58534,-14.0576,2.620326,-6.06194,-9.63617,2.072953,-9.2717,5.99988,-12.6297,3.492958,-7.91852,-1.3704,-8.84087,1
18.28,18.28,0.384651591,0.015382379,-525.062,104.2587133,2.192736333,26.67278667,-10.70021,11.37101333,-25.0846,7.891752333,-14.97363333,-0.871884667,-4.954983333,-8.482446667,1.589688667,-7.308546667,4.617913333,-11.27865,2.292703333,-7.3624,-3.31358,-7.859836667,0
18.29,18.29,0.370738119,0.018288197,-476.689,113.9433,1.302353,24.36642,-5.5171,2.655077,-25.5571,4.701518,-14.5246,-1.65635,-3.02832,-9.5762,-0.32738,-6.43157,3.757613,-10.0853,1.860543,-6.7018,-3.94537,-6.47093,0
18.3,18.3,0.364607185,0.015391495,-524.046,98.91486,6.662868,24.08214,-10.2963,9.507996,-27.3728,6.35502,-13.7737,-0.39622,-4.41099,-9.09853,1.724916,-7.24267,5.821792,-10.7566,2.597426,-6.33476,-3.5014,-5.83294,0
18.33,18.33,0.347823719,0.011151197,-522.1613333,112.3846767,-2.768014667,36.08559,-15.76553333,14.57464333,-30.96283333,10.25242633,-16.88993333,0.360899,-3.751126667,-9.401933333,0.72265,-7.543683333,6.024760333,-13.9218,2.829518333,-10.02065667,-2.685103333,-9.165083333,1
18.35,18.35,0.384651591,0.015382379,-525.062,104.2587133,2.192736333,26.67278667,-10.70021,11.37101333,-25.0846,7.891752333,-14.97363333,-0.871884667,-4.954983333,-8.482446667,1.589688667,-7.308546667,4.617913333,-11.27865,2.292703333,-7.3624,-3.31358,-7.859836667,1
18.36,18.36,0.387332648,0.031202205,-470.534,108.0209,6.465855,22.28162,-5.12173,-2.55297,-21.8105,1.904048,-13.3932,-4.18495,-4.16651,-9.45045,-0.5106,-3.55187,2.125223,-8.94135,1.493698,-5.61655,-5.42347,-6.3129,0
19.7,19.7,0.347654611,0.086235963,-475.35,103.3744,-3.38303,12.36612,-5.9268,-1.06919,-21.243,-3.6887,-8.00499,-1.34237,-1.93886,-5.33127,-1.77197,-5.0082,0.264376,-9.01576,-0.0231,-5.33962,-4.60105,-4.34977,0
19.8,19.8,0.300574303,0.091909379,-433.7,132.415,-3.08166,22.40782,-15.1236,1.533898,-29.2309,-3.04838,-14.2785,-1.56634,-2.34282,-6.63956,-0.78679,-7.03984,0.699315,-12.5226,3.299289,-8.59897,-6.24995,-4.92225,0
19.9,19.9,0.307038397,0.093961172,-419.895,145.705,-4.80309,23.61085,-13.3875,-2.83694,-26.0628,-7.74935,-12.2896,-2.48114,-3.70622,-4.39538,-4.54039,-3.93627,-3.20892,-9.77724,0.610474,-7.63875,-6.60762,-5.95475,0
19.11,19.11,0.392935514,0.010866431,-559.276,94.99517,1.914004,42.27132,-18.5324,19.828,-30.7105,13.98432,-14.7519,1.518875,-4.31435,-6.57109,3.426673,-11.8633,5.492775,-13.8641,4.32081,-9.28797,-1.66272,-6.16832,0
19.13,19.13,0.376173347,0.065466106,-424.751,133.7866,-5.92439,21.80274,-18.1442,7.783567,-33.4164,-2.5319,-11.9663,1.460103,-2.83856,-7.89087,-0.46696,-8.20142,2.25688,-13.6823,1.431498,-8.8985,-4.28712,-5.68022,0
19.14,19.14,0.344991118,0.049596682,-445.951,130.4577,-6.4376,29.67115,-18.7773,12.15613,-34.9172,-0.37482,-16.0297,3.619968,-3.23851,-7.67098,0.923417,-8.98848,5.340144,-13.976,3.652108,-9.48822,-4.02257,-7.2628,0
19.15,19.15,0.356091142,0.041025486,-414.533,138.2339,-21.5907,50.29797,-10.5185,7.577445,-37.0425,2.975774,-12.691,-2.11842,-11.0665,-4.92175,-1.50413,-3.95536,-2.28371,-9.41484,0.674868,-10.6392,-2.57715,-6.04584,0
19.16,19.16,0.337953299,0.058843717,-442.649,129.972,-4.55821,24.75132,-11.2928,-0.5504,-30.3823,-0.08971,-10.7441,-1.51872,-2.94128,-8.15992,-0.92374,-7.27481,1.656302,-11.5105,1.343478,-8.03387,-4.96192,-4.76667,0
19.17,19.17,0.378181279,0.041901778,-453.11,130.0876,-1.16635,30.14856,-9.27338,2.012422,-25.7255,-5.27202,-10.4544,2.256814,-7.19764,-3.87573,-5.62811,-2.90883,-0.94927,-10.0102,-0.41161,-6.85182,-4.67134,-7.25638,0
19.2,19.2,0.467503637,0.017055331,-499.597,169.5027,-22.8338,41.06789,-7.42249,2.416986,-7.75642,-18.0215,-1.06958,-2.91121,0.218305,-4.5417,-5.14652,-3.36418,-4.23896,-5.13331,-5.21497,-8.35313,-5.04433,-4.17374,0
19.21,19.21,0.481112301,0.01220125,-407.769,137.065,-44.5264,45.70039,-24.3426,23.92768,-39.3805,2.636903,-13.9435,2.498451,-6.19937,-6.96593,0.924824,-5.37249,3.956074,-11.39,-1.93619,-12.3092,-2.19883,-8.73452,1
19.22,19.22,0.357005388,0.060326517,-452.973,99.27663,3.825478,13.69155,-5.31405,-1.2465,-21.7892,-4.07578,-8.16654,-1.71169,-2.66282,-5.61868,-1.48526,-4.49439,-0.18265,-8.66241,-0.16897,-5.66187,-4.61062,-4.61783,0
19.23,19.23,0.373322427,0.0802797,-412.696,109.398,-25.3168,31.04683,-16.721,16.7133,-35.9018,3.859693,-8.53023,3.268699,-7.81686,-8.2023,4.845327,-6.89426,5.957363,-14.3599,1.855108,-9.65229,-2.18484,-6.75136,0
19.24,19.24,0.374388844,0.039107241,-477.004,119.3275,-3.79388,23.86547,-11.5877,7.405354,-29.282,0.669212,-11.9299,-1.43595,-2.74557,-4.91112,0.988764,-7.8354,2.5914,-12.0165,2.608735,-7.55341,-3.52134,-4.79931,0
19.25,19.25,0.365294993,0.009829154,-578.651,99.53857,-6.16096,29.73607,-10.7775,24.18433,-29.8606,7.672772,-13.7141,6.280609,-4.39501,-8.70916,5.430595,-9.51137,4.613277,-13.2192,2.603648,-9.49184,-1.40787,-7.06994,0
19.26,19.26,0.348433375,0.040121306,-472.125,113.5442,0.120971,33.35336,-15.9657,6.755938,-34.885,2.772758,-14.3816,-0.50135,-2.53029,-8.90738,-0.45896,-7.26276,4.725441,-13.3883,4.646622,-6.82859,-4.35333,-5.68071,0
19.29,19.29,0.353683501,0.061912257,-425.262,138.2749,-13.0559,34.02975,-17.72,12.42857,-39.0435,2.338175,-16.7956,-0.55272,-4.3536,-7.76603,2.431038,-8.02021,3.872217,-14.1683,4.246828,-9.70352,-2.48366,-8.26262,1
19.3,19.3,0.360215813,0.036383655,-451.181,134.076,-2.29151,22.49691,-16.0775,5.17241,-33.8273,-1.85321,-11.6786,0.288874,-2.34704,-7.56434,-0.53543,-7.87651,3.070378,-13.9931,2.017129,-6.90108,-4.99959,-6.3956,0
20.1,20.1,0.41644299,0.04030095,-445.932,149.4492,-12.3112,34.58644,-3.84203,2.449878,-16.2256,-12.3374,-9.54787,-1.92883,-2.12743,-4.52857,-4.25102,-3.81012,-4.03876,-8.68332,-1.97249,-6.54244,-5.20916,-5.68968,1
20.2,20.2,0.392301738,0.051896021,-435.545,143.805,-8.95512,29.55947,-1.48106,0.803803,-18.3332,-9.43793,-10.5464,-1.71429,-3.29852,-7.89233,-2.28857,-7.10596,-2.54813,-7.85287,-4.83061,-6.77739,-4.96351,-7.09967,1
20.3,20.3,0.385710925,0.025806645,-510.549,123.7262,0.012188,31.85596,-10.2214,12.65779,-24.7649,5.566727,-14.4311,-1.01524,-5.43666,-8.89748,0.853742,-12.0441,1.106629,-11.5356,0.271748,-8.25434,-2.49836,-7.3698,1
20.4,20.4,0.355768353,0.030885529,-502.17,98.23177,-4.07565,38.75937,-6.52287,5.341121,-28.9252,0.851083,-14.1217,-2.94686,-6.72133,-5.52345,4.202454,-10.1837,1.972114,-8.86224,1.578424,-7.65461,-2.51189,-5.33615,1
20.5,20.5,0.348708838,0.087228984,-398.382,139.8986,1.513836,23.85357,-10.7878,-0.90063,-29.0179,-3.96897,-11.5016,-4.30428,-5.2686,-8.19949,0.57643,-7.95338,1.089752,-7.7865,-2.62326,-7.52403,-4.18298,-8.10998,1
20.6,20.6,0.35109517,0.065745287,-420.153,137.1423,-2.93653,29.69299,-3.46919,-7.14812,-29.6174,-2.70961,-10.1952,-4.9176,-4.94763,-9.28058,-0.86601,-6.96187,0.638117,-7.35245,-3.43391,-7.63316,-5.12993,-7.96809,1
20.7,20.7,0.363799095,0.055035114,-429.559,142.2879,-6.26067,35.2648,-7.91919,-0.36273,-31.7521,-1.23538,-12.3112,-4.53842,-5.55087,-10.2586,-0.30864,-8.91945,2.222931,-8.21824,-2.48231,-8.88038,-3.83726,-7.7415,1
20.9,20.9,0.364550591,0.064272769,-413.771,132.1912,-2.54658,30.73197,-2.80517,-4.30954,-28.3286,-3.05426,-11.0262,-5.38905,-4.47401,-9.44454,-1.23134,-6.44916,0.046875,-7.32767,-2.51746,-8.0212,-3.98781,-7.39309,1
20.1,20.1,0.365459234,0.071768157,-413.062,138.1572,-3.84573,37.88125,-10.6189,1.906284,-30.5963,0.968619,-12.3751,-4.94752,-6.56263,-10.3208,2.743655,-9.16176,-1.06002,-8.19679,-0.36017,-10.6426,-5.36182,-8.69397,1
20.11,20.11,0.31307286,0.083026156,-411.552,138.045,-3.70532,39.77049,-13.1051,-2.94287,-34.5291,0.266394,-13.7551,-6.79272,-5.00156,-10.4119,0.937104,-9.6733,1.734564,-7.70156,-1.38411,-7.75181,-4.52104,-8.33977,1
20.13,20.13,0.360705554,0.078718439,-407.237,136.1662,-1.97847,33.53467,-8.57448,-6.69909,-27.6256,-0.24767,-13.0116,-7.2851,-3.77292,-9.70794,-1.13653,-6.30659,0.616767,-8.17301,-2.69151,-8.1252,-5.10414,-7.79739,1
20.14,20.14,0.344649673,0.047717605,-461.121,127.0247,-14.2751,41.40147,-15.5903,-1.0596,-35.9065,3.480477,-14.8452,-3.53172,-4.79351,-10.1456,2.800904,-8.45982,4.324174,-8.47742,2.355121,-7.86183,-3.77096,-6.83149,1
20.15,20.15,0.448136717,0.011728534,-509.509,183.3138,-25.1751,56.80267,-10.2994,2.053446,3.524904,-24.5206,0.777958,-11.3883,-4.93539,-10.6289,-6.46545,2.06824,-10.7172,-4.48959,-5.35722,-8.39485,-4.76237,-5.72694,0
20.19,20.19,0.384015232,0.091859221,-413.952,158.814,-14.8487,28.24121,-21.0137,0.336045,-21.5516,-2.92115,-8.77113,-3.89492,-4.12888,-8.71486,-4.15923,-8.1527,-1.5112,-6.61026,-2.51889,-8.31439,-4.32453,-6.93412,1
20.2,20.2,0.283419371,0.050969284,-447.576,143.872,-8.75644,44.43734,-3.82301,2.284646,-39.6066,-3.90524,-12.5655,-3.40405,-7.23674,-12.4127,0.815376,-7.31628,1.637212,-9.7008,-0.84662,-9.52133,-2.80939,-9.15293,1
20.22,20.22,0.36926502,0.049066935,-433.893,143.2955,-3.44178,38.5876,-9.65154,-1.14614,-28.442,4.175873,-13.0534,-5.9579,-6.52327,-10.4684,0.497031,-8.72357,1.072904,-9.88936,-1.48151,-8.6291,-4.85185,-8.68845,1
20.23,20.23,0.407186091,0.062185444,-439.05,142.7857,5.587513,23.8097,-6.09064,-2.6582,-16.2147,-4.6077,-5.52894,-6.40763,-5.80102,-9.6864,-4.64135,-5.90611,-2.90133,-5.42382,-4.88764,-6.44677,-5.62547,-7.6255,0
20.24,20.24,0.344571173,0.061125662,-430.03,137.5839,1.467459,28.00436,-6.97389,0.208813,-39.3938,-10.1841,-11.5085,-3.32773,-3.68432,-8.75057,1.784882,-7.17536,1.701113,-7.87451,-4.64338,-7.8402,-3.19712,-8.81758,0
20.27,20.27,0.423685461,0.013695364,-531.995,115.5979,9.369489,28.37009,-4.76712,13.28206,-14.9183,0.212595,-12.5707,1.568219,-6.29772,-10.5999,-0.71112,-10.227,-0.49391,-10.0373,-0.58866,-7.70868,-3.03723,-6.28662,1
20.28,20.28,0.349711567,0.099844486,-418.416,134.8834,5.660391,29.90796,-2.85367,-10.5307,-26.1261,-4.60693,-10.1001,-8.42357,-8.48859,-7.71068,-0.9561,-6.85129,0.11243,-7.86128,-4.03771,-5.50902,-6.0929,-7.90602,1
20.29,20.29,0.370101303,0.073712498,-411.026,142.9673,1.844436,25.74339,-3.70201,-3.60947,-28.1414,-6.12711,-9.52678,-6.27378,-7.04644,-8.45721,-3.0352,-8.13264,1.107216,-8.16053,-4.8218,-6.88162,-4.69466,-7.71215,1
20.31,20.31,0.379339248,0.050089024,-428.375,131.5769,4.794242,32.69754,-0.45755,-4.24793,-25.8853,-4.58148,-10.3628,-7.60665,-5.81179,-8.58419,-2.67678,-6.78136,-0.18598,-7.97196,-3.85523,-6.42241,-4.68807,-8.17889,1
20.33,20.33,0.365671962,0.057214286,-431.744,159.6338,-10.5769,38.45981,-9.40471,3.473024,-29.7411,-6.60153,-7.99048,-7.92585,-2.03706,-8.72476,-1.66485,-7.95638,-2.51722,-7.13111,-4.40286,-6.28143,-5.87603,-7.40001,1
20.34,20.34,0.351405919,0.067213714,-407.889,126.5268,10.0016,24.84424,0.890508,-0.97717,-27.9066,-6.1298,-10.4374,-8.42585,-7.55622,-7.22117,-0.82592,-9.1214,-1.07883,-7.86016,-4.41096,-5.40215,-5.86952,-7.31212,1
20.35,20.35,0.409681052,0.014999374,-505.495,126.2838,6.300457,38.23579,-4.24262,14.94099,-24.7352,2.822083,-14.0797,-3.29406,-7.20067,-8.93417,-0.02359,-11.0885,1.88704,-11.8512,-0.50536,-8.76084,-2.77505,-6.46426,1
20.37,20.37,0.372005135,0.054397233,-437.417,159.2331,-8.59271,37.3906,-8.72035,3.624937,-27.902,-6.50012,-7.42272,-7.9008,-2.40744,-8.43872,-2.41644,-8.20784,-2.74571,-6.96474,-4.25139,-6.08109,-5.53856,-7.07246,1
20.38,20.38,0.391461283,0.057676911,-416.152,127.8527,1.403034,29.80225,-3.91361,3.973834,-22.1145,-5.09596,-13.27,-3.69432,-5.39971,-8.60692,-1.17658,-9.42059,-0.47349,-9.06225,-3.52541,-6.85188,-4.10745,-7.73349,1
21.32,21.32,0.389054865,0.255176961,-419.23,112.4642,1.963222,15.66716,-0.21322,-2.88623,-18.0457,-1.34135,-9.15238,-5.22205,-2.89388,-3.26685,-2.04679,-6.76769,0.486302,-5.87684,-1.43001,-6.75939,-4.6647,-4.40944,0
21.33,21.33,0.36774376,0.099657029,-509.069,86.28757,1.098337,14.1665,5.083868,8.781156,-14.816,-4.97954,-8.46873,-2.28016,-2.74404,-3.07324,-0.38316,-6.46391,0.318386,-5.00546,-0.3597,-5.06612,-3.3158,-2.91702,0
