filename,folder #,mean_SCL,AUC_Phasic,min_peak_amplitude,max_peak_amplitude,mean_phasic_peak,sum_phasic_peak_amplitude,mean_BVPpeaks_ampl,min_BVPpeaks_ampl,max_BVPpeaks_ampl,sum_peak_ampl,HR_mean_difference,HR_variance_difference,Label
1.3,1.3,-0.51417736,2.158419615,0.003630538,0.003630538,0.003630538,0.003630538,0.710489078,0.112395268,3.901161527,17.05173787,-4.815819502,75.94230088,0
1.4,1.4,-0.284583592,20.91706395,0.030444845,0.104946901,0.061889771,0.742677255,1.039538309,0.044915875,4.80259465,85.24214133,13.68364478,32.68193693,0
1.8,1.8,0.066363932,30.95741789,0.051054121,0.051054121,0.051054121,0.051054121,2.513014008,1.722743569,3.851233317,17.59109805,-6.854841241,78.26409435,1
1.9,1.9,0.538411842,11.3589951,0.014435843,0.13834802,0.047033295,0.51736625,3.721588941,2.222788766,4.710914247,14.88635576,-6.46235176,78.29469851,1
1.11,1.11,-0.913850194,21.5786161,0.020649096,0.154478344,0.087852206,0.79066985,1.735379231,0.351898059,2.708444173,38.17834309,-11.03596656,76.72488991,1
1.13,1.13,-0.489756958,14.09201439,0.023587926,0.036740117,0.028120024,0.084360073,0.988789698,-0.277764261,6.33881373,37.57400853,1.373603575,78.87332539,1
1.14,1.14,-1.034716669,52.27686198,0.041069651,0.252225357,0.090588418,1.268237857,5.747360663,2.41585178,10.74001817,22.98944265,-4.896298225,74.83531574,1
1.33,1.33,0.351210443,38.34995325,0.018805895,0.07061252,0.031957528,0.28761775,1.043294198,-0.430710285,4.759970348,81.37694741,16.31649182,77.94325027,1
1.34,1.34,0.540065093,43.89302424,0.02306482,0.211534946,0.106977906,1.390712775,1.95834004,0.346556394,4.792674416,82.25028166,11.0124805,75.58309167,1
1.36,1.36,-0.212047568,38.81162171,0.038398958,0.187405035,0.111878589,0.559392943,3.435891655,1.889425301,5.217173217,13.74356662,14.75301383,79.16467111,1
1.37,1.37,0.771200876,5.835237251,0.062748796,0.162852556,0.103494307,0.31048292,1.099718964,0.234490455,8.292772769,19.79494135,14.86310907,79.18730436,1
2.2,2.2,-0.327523921,0.568353146,0.026791148,0.061846374,0.044318761,0.088637521,0.368443462,0.306690197,0.481439447,2.210660772,1.042360179,17.74018612,1
2.4,2.4,-0.44381183,2.683844841,0.00618865,0.00618865,0.00618865,0.00618865,0.694727365,0.2695834,2.142836868,8.336728383,2.486860179,17.57168223,1
2.5,2.5,-0.837260438,25.0163492,0.023595293,0.184786558,0.083563556,0.835635563,1.794784087,0.063211116,5.374052868,59.22787488,2.625931608,16.88098638,1
2.6,2.6,-0.523036192,9.456741001,0.011503624,0.080417769,0.042244888,0.38020399,0.478207944,0.066318582,1.591901471,13.38982242,-0.077139821,17.52517778,1
2.8,2.8,-0.199933399,14.24502063,0.010064428,0.044591924,0.025234548,0.479456404,0.699530736,-0.048474859,2.80893129,37.77465972,4.068637957,17.61608708,1
2.13,2.13,-0.029207337,2.885734456,0.016456812,0.023012861,0.019734836,0.039469673,0.570166733,0.221326285,1.097266041,11.40333467,3.031526846,17.72835874,1
2.16,2.16,-0.296424494,20.59844569,0.012257942,0.026482186,0.018971263,0.132798838,0.733401573,0.328808041,1.979237936,35.93667709,2.540535855,17.551197,1
2.18,2.18,0.038677883,7.588672237,0.007709632,0.062733502,0.034567824,0.345678236,0.612851301,0.200853569,1.352626608,21.44979553,3.259145893,17.6993709,1
2.19,2.19,0.181824374,0.772959992,0,0,0,0,0.571677815,0.227175632,0.887786291,5.145100333,2.96628875,17.74813016,1
2.23,2.23,0.09490588,6.723586376,0.013352851,0.068618667,0.044537542,0.311762792,0.753632783,0.518729036,1.382238929,17.333554,1.165415735,17.71185262,1
2.24,2.24,-13.17547299,506.6821231,0.294263443,1.587347023,0.719696592,3.598482961,1.43633133,0.111468231,3.541379246,56.01692188,0.550415735,17.61782572,1
2.25,2.25,0.98429466,2.611402886,0.008584623,0.053044464,0.025254474,0.202035795,0.557620232,0.320582396,0.876270389,11.71002486,1.684860179,17.71463778,1
2.26,2.26,0.63944023,19.77075441,0.01311863,0.07947401,0.039505272,0.750600166,0.787361418,-2.08276817,8.351553429,51.96585357,2.101590948,17.69940045,1
2.27,2.27,-0.494978677,74.74568991,0.039674414,0.37630431,0.126445957,1.643797445,1.240271292,-0.121226116,6.501514557,84.33844784,6.346860179,6.526017042,1
2.28,2.28,-3.386367911,238.5872109,0.682346068,0.682346068,0.682346068,0.682346068,0.7381608,0.082221494,4.063250699,53.14757759,12.00667836,4.800144113,1
2.29,2.29,0.1087116,15.21920193,0.021419295,0.111110153,0.056602563,0.566025634,1.225195586,0.120242252,5.987503164,26.9543029,0.738860179,15.27400691,1
2.3,2.3,0.418116506,14.20157915,0.017473726,0.098122611,0.035552519,0.497735263,1.552072238,0.086974089,7.263757625,72.9473952,-2.991192453,17.26594334,1
2.34,2.34,-0.219353274,59.76448138,0.031976355,0.312534386,0.111590613,0.892724906,0.873987279,0.133586075,2.365477649,44.57335125,4.808449923,17.57328224,1
2.35,2.35,1.089207714,6.171105969,0.008382328,0.018269165,0.011811091,0.082677637,0.756469552,0.380538206,2.71936316,24.96349523,2.084860179,16.07710342,1
2.36,2.36,0.771089713,25.90734484,0.014742143,0.084705209,0.036762554,0.735251084,0.917240192,0.148575028,4.507801093,41.27580864,1.127883435,17.56528476,1
2.37,2.37,1.034737037,10.66958721,0.014243429,0.04746465,0.032296428,0.355260703,1.530314593,-0.008626181,6.795809843,59.68226913,1.099405634,17.1603043,1
2.38,2.38,1.26739565,2.739811603,0.023488961,0.056853623,0.031237082,0.187422494,0.572908615,0.246186011,1.041331657,8.593629224,0.830693512,17.67449369,1
3.1,3.1,-0.795322882,7.558728356,0.025351397,0.084056135,0.054925219,0.329551317,1.383522121,0.168430742,4.528996167,31.82100878,3.54484082,21.6787204,1
3.2,3.2,-0.717224505,5.242126767,0.026444614,0.086501396,0.051823149,0.207292594,1.479416778,0.39413088,4.528996167,23.67066844,3.571507487,21.68561207,1
3.3,3.3,-0.682659108,6.879739229,0.020466189,0.097998029,0.061372426,0.429606982,1.017696127,0.33349213,2.940764634,18.31853029,3.392174153,21.72402445,1
3.4,3.4,-0.581798475,3.814253989,0.017992215,0.051391739,0.033346811,0.200080865,0.916427614,0.709142404,1.14891864,17.41212467,3.96734082,21.67341874,1
3.5,3.5,-0.735876636,2.093904969,0.04028418,0.074286426,0.053545329,0.160635986,1.010050091,0.751182688,1.14891864,10.10050091,4.36359082,21.82750433,1
3.6,3.6,-1.388842062,28.16128231,0.009486484,0.077120039,0.044195271,0.618733795,1.189021583,0.680663503,8.885686913,51.12792808,4.048084063,21.7863951,1
3.7,3.7,-0.937047849,5.429097295,0.021467598,0.069057599,0.036970547,0.147882188,1.140918564,0.758157112,2.650163597,19.3956156,5.046983677,21.61374266,1
3.8,3.8,-0.885928858,12.27212591,0.012238425,0.060981134,0.037129755,0.482686819,1.019885725,0.746920539,1.89072622,32.63634322,7.243055106,21.46438204,1
3.9,3.9,-0.621756203,1.121783301,0.010467916,0.010467916,0.010467916,0.010467916,0.750020283,0.584377692,0.901520291,6.750182551,8.061983677,21.80008826,1
3.1,3.1,-0.815303518,0.640213766,0.042982575,0.042982575,0.042982575,0.042982575,0.975410448,0.676401354,1.221762633,4.877052238,6.67484082,21.8243454,1
3.11,3.11,-1.07015332,3.824679523,0.008358877,0.047582507,0.026813546,0.187694825,0.892187365,0.652378335,1.128770302,20.52030939,4.566419767,21.70687581,1
3.12,3.12,-1.258777293,1.128025223,0.037891755,0.042287027,0.040089391,0.080178782,0.794215858,0.714566957,0.864517092,6.353726862,1.171507487,21.79035874,1
3.13,3.13,-1.753026353,9.652143417,0.03897905,0.138514313,0.065633764,0.459436348,1.008701333,0.31082525,1.994567658,21.182728,-0.001825847,21.81251011,1
3.14,3.14,-1.63544733,13.53647579,0.015106374,0.062865435,0.036467418,0.474076432,1.028108937,0.370495329,2.529467299,42.15246644,4.040674153,18.43149755,1
3.15,3.15,-1.613636824,5.30311214,0.011815519,0.023673424,0.017744471,0.035488943,0.948883161,0.370495329,1.845004991,18.02878007,4.64171582,20.70358915,1
3.16,3.16,-1.506926095,9.701207924,0.00470592,0.007664944,0.00655718,0.039343081,1.066387946,0.687444193,1.610005619,59.71772495,9.928494666,16.28244333,1
3.17,3.17,-1.545994521,12.84143177,0.011727916,0.051682007,0.025012476,0.550274468,1.067220049,0.602394957,1.958726863,65.100423,10.66247718,18.12503072,1
3.18,3.18,-1.582523896,15.40162883,0.010801528,0.049585663,0.025699086,0.565379883,1.072086186,0.587477437,3.349543426,67.54142972,11.09974991,19.81046069,1
3.19,3.19,-1.444506593,2.423172426,0.016716875,0.029721856,0.022986722,0.137920329,1.021879659,0.687444193,1.424408423,23.50323216,12.13084082,21.35301488,1
3.2,3.2,-1.610698759,12.09514287,0.0070039,0.015633875,0.011744197,0.082209377,1.040853801,0.587477437,3.349543426,46.83842105,11.75115661,20.88144043,1
3.21,3.21,-1.685884969,13.85835369,0.005378687,0.016103031,0.011751999,0.082263995,1.000725949,0.587477437,3.349543426,42.03048987,11.26255511,19.71006255,1
3.22,3.22,-1.586681131,5.059699735,0.005404763,0.016123856,0.010428466,0.072999264,0.948791393,0.398974231,3.349543426,21.82220203,9.328729709,20.53794377,1
3.23,3.23,-1.646209728,11.5897524,0.01373593,0.097407646,0.038296621,0.421262833,0.934372046,0.64734125,1.8382243,32.70302161,3.63984082,19.85977133,1
3.26,3.26,-1.530813634,14.10953498,0.015023173,0.065892783,0.029771608,0.476345727,0.973231685,0.575272193,1.353695504,50.60804762,5.616701285,19.59189181,1
3.27,3.27,-1.440400102,9.97781112,0.011664395,0.014247332,0.013150601,0.039451802,0.93595297,0.263941616,1.633447436,38.37407175,5.831204456,20.55607779,1
3.28,3.28,-0.922807838,20.63970931,0.008654835,0.039179065,0.016232176,0.227250458,1.039462439,0.665552249,1.910293357,57.17043412,5.386507487,20.85453548,1
3.3,3.3,-1.136212873,16.56390495,0.008452794,0.071488831,0.029688529,0.534393528,0.998516459,0.592514521,2.108483264,44.93324065,2.66984082,21.49847649,1
3.31,3.31,-1.043746815,11.10442158,0.010096464,0.061181872,0.029545759,0.413640632,0.969756182,0.187804144,3.59190469,40.72975963,3.122555106,21.43458019,0
3.32,3.32,-0.794737741,7.335477026,0.01684725,0.030512038,0.023679644,0.047359288,1.074220335,0.39413088,2.150136079,22.55862704,2.85484082,21.50068658,1
3.33,3.33,-0.186829661,20.35389187,0.017025607,0.084874818,0.039288143,0.667898428,1.057984194,0.587671171,1.610199353,47.60928874,6.126379281,21.24617941,1
3.34,3.34,-0.359237389,14.91083686,0.024126474,0.08105134,0.050140984,0.501409843,1.117612433,0.275953125,3.053905304,35.76359784,6.712988968,21.80937589,1
3.35,3.35,-0.296871058,16.46586248,0.007983185,0.074852225,0.028032669,0.504588042,0.980840536,0.382313105,2.092790808,48.06118624,6.649491983,21.60440089,1
3.36,3.36,-0.099451183,8.533499706,0.013781257,0.091468225,0.029792889,0.387307562,0.857092235,0.334654535,2.092790808,34.28368942,5.90544688,21.27494578,1
3.37,3.37,-0.235685235,4.090412782,0.011276284,0.074911208,0.045576189,0.227880946,1.377563536,0.438108504,3.791257002,20.66345304,3.40484082,21.39086848,1
4.1,4.1,-0.837813008,0.041850542,0.000723839,0.003370267,0.001950248,0.005850745,0.315331705,-0.006492956,0.706981654,7.567960923,0.573561751,99.33987141,1
4.2,4.2,-1.026965869,2.708864793,0.013858371,0.067275504,0.040566938,0.081133876,0.856637761,0.078642565,2.687577261,14.56284194,-3.384438249,98.52473654,1
4.3,4.3,-0.660482917,0.447425637,0.003614257,0.003614257,0.003614257,0.003614257,0.690775373,-0.263492494,4.403031472,11.05240597,-7.826438249,98.67137654,1
4.4,4.4,-0.549581833,-0.031526174,0,0,0,0,0.513488614,0.398299014,0.800613028,5.134886142,-10.55310492,99.8810232,1
4.5,4.5,-0.59005417,4.409287606,0.008118275,0.060745534,0.029021884,0.145109418,1.291593187,-0.096230398,14.9860317,73.62081164,-15.34838269,95.68870376,1
4.6,4.6,-0.016497854,6.321560567,0.006162295,0.055699843,0.023955132,0.191641053,1.328890872,0.123245791,9.167257742,77.07567057,-19.39393825,99.71149961,1
4.7,4.7,0.456121551,0.300295812,0.000737491,0.000756111,0.000746801,0.001493602,0.468880821,0.019171598,1.727368935,14.53530545,-18.49043825,99.99388724,1
4.8,4.8,0.556963899,0.818530674,0.00758086,0.050276633,0.022814599,0.068443796,0.529497986,0.136697557,2.309334829,16.94393556,-17.74693825,99.5737654,1
4.1,4.1,0.852762188,1.007152743,0.008119143,0.008119143,0.008119143,0.008119143,0.53621502,0.129971674,2.885105831,16.08645059,-16.95048587,97.31827082,1
4.14,4.14,0.244549124,4.329207273,0.013284811,0.045489769,0.029027542,0.203192794,1.089308126,-0.04543228,9.493463077,58.82263881,-13.70083219,98.88877275,1
4.15,4.15,0.435568158,-0.073076924,0,0,0,0,0.493700358,0.086784424,1.132128271,3.949602862,-16.12143825,100.0973099,1
4.16,4.16,0.475127949,0.783614755,0.03666206,0.047438622,0.042050341,0.084100683,0.533627138,0.168910998,2.221013363,10.13891562,-16.39374594,100.0827073,1
4.17,4.17,0.586349853,1.30418731,0.005108284,0.005108284,0.005108284,0.005108284,1.231267373,0.25227655,9.253278248,41.8630907,-15.31583825,100.0736175,1
4.18,4.18,0.259221,11.37716729,0.030715074,0.09584912,0.065414284,0.327071421,0.789816216,-0.253226672,5.476517831,39.49081079,-6.735983704,76.68316555,1
4.19,4.19,0.464201526,-0.215103325,0,0,0,0,1.009447277,-0.015342803,5.30960973,8.075578215,1.114561751,100.0136299,1
4.2,4.2,0.576455919,0.728761416,0.108454691,0.108454691,0.108454691,0.108454691,0.306113115,0.176344869,0.395821057,1.836678691,2.026061751,100.0725349,1
4.21,4.21,0.673864009,0.057329661,0,0,0,0,0.810782306,0.059880891,3.233435782,8.918605368,2.918561751,100.0792456,1
4.28,4.28,0.901958655,24.48319419,0.015819372,0.152803548,0.083568933,0.417844667,1.75785858,0.232983885,6.889307298,80.86149466,-0.344771582,99.92234844,1
4.3,4.3,1.764937461,3.810060075,0.008247123,0.013562888,0.010905006,0.021810011,2.487022044,0.503612186,5.026945638,24.87022044,-1.951938249,99.9401654,1
4.31,4.31,1.742345699,0.926236662,0.002114139,0.011316352,0.006453059,0.045171412,0.781666662,0.233691873,3.709911508,35.95666643,1.593918894,95.98760074,1
4.37,4.37,0.760460529,7.847073612,0.009183428,0.057688453,0.030478229,0.33526052,0.968074648,0.02536649,4.288337464,53.24410561,-17.09899922,97.26301597,1
4.38,4.38,1.009857076,6.812756683,0.021659064,0.173824332,0.07461574,0.223847219,1.700907895,0.041473211,4.734015725,27.21452631,-14.85215253,99.68102965,1
5.1,5.1,-0.427361962,0.011734085,0.014974608,0.014974608,0.014974608,0.014974608,0.513553556,-0.169317619,2.261973847,2.567767779,-6.792125919,68.75428265,1
5.5,5.5,-0.364430924,5.966925838,0.015267798,0.119973849,0.049011799,0.196047197,2.263251265,0.495122239,4.43559185,9.053005061,-12.31913741,67.86826254,1
5.6,5.6,-0.421147219,6.94234619,0.006015753,0.042769509,0.021872663,0.196853964,1.878018488,0.113356739,5.386355833,46.95046221,-12.16660509,67.47296286,1
5.7,5.7,-0.263821869,3.365122941,0.005527107,0.046050993,0.020344622,0.142412352,2.324530832,1.328911228,4.127916596,11.62265416,-5.897364014,63.15838313,1
5.8,5.8,-0.064761136,0.502173279,0.001763291,0.01588628,0.006606557,0.046245902,0.64184679,0.004776208,7.810712745,29.52495233,-2.286733762,68.50876581,1
5.11,5.11,0.52471436,0.689835332,0.002789236,0.01086462,0.00525097,0.042007762,0.466930563,0.031601986,5.184888763,15.40870858,-2.037959252,68.62942106,1
5.12,5.12,0.543666239,0.892108236,0.001591946,0.003533498,0.002824878,0.011299512,5.105871334,4.501652611,5.710090057,10.21174267,-4.075875919,68.11112051,1
5.17,5.17,0.837093427,1.076422891,0.001468403,0.002057989,0.00171024,0.00513072,0.601381894,0.048938374,4.508404678,23.45389385,-16.81598009,51.55674673,1
5.18,5.18,0.740033133,3.336572919,0.002841905,0.022676236,0.011948218,0.119482178,0.923414141,0.079596406,3.911667974,41.55363635,-22.61295925,64.5014167,1
5.19,5.19,0.879291078,0.088707612,0,0,0,0,1.685219612,0.49822454,3.831190639,6.740878446,-15.32879259,67.74263599,1
5.2,5.2,0.831628056,0.292515942,0.005547124,0.014673124,0.011788267,0.04715307,0.957570373,-0.029714079,2.356137804,15.32112596,-11.31379259,65.54765235,1
5.21,5.21,0.528740966,4.728638359,0.007066885,0.063622666,0.021871906,0.196847154,1.773122482,0.250405444,9.302189526,37.23557212,-1.259744966,50.24749694,1
5.24,5.24,0.769680268,2.222347738,0,0,0,0,2.474162104,0.877252715,3.813124299,9.896648418,-10.06845925,66.06976093,1
5.28,5.28,0.655157038,12.0468958,0.014637948,0.014637948,0.014637948,0.014637948,2.271897264,-0.149061419,8.522964534,84.06019878,4.282489466,-17.18094988,1
5.3,5.3,0.777171289,3.48623987,0.002710304,0.004305877,0.00330432,0.013217279,0.477870337,-0.401807699,3.375699871,25.80499818,-5.576001887,54.48774301,1
5.31,5.31,0.838694978,3.32995278,0,0,0,0,4.747281847,2.399570017,6.093680439,14.24184554,5.701852576,58.20112308,1
5.32,5.32,-0.183702526,31.78284348,0.041725225,0.219974928,0.117192179,0.585960893,6.977714537,4.712061607,9.389236439,20.93314361,13.69727884,66.03605421,1
5.34,5.34,0.922726845,33.86731419,0.016581657,0.156062582,0.050578491,0.809255852,0.832495061,-0.039385958,4.778669833,79.08703077,6.461457415,63.08924516,1
5.36,5.36,1.572142263,12.83828068,0.01491056,0.099887216,0.048875327,0.439877942,8.733191043,7.531505663,10.84385059,26.19957313,6.551207415,65.99551206,1
6.1,6.1,0.029497682,-0.005565468,0,0,0,0,1.146961212,-0.703599419,4.867486592,5.734806058,-2.478637595,23.71316945,1
6.3,6.3,0.140566174,0.144904093,0.003820687,0.003820687,0.003820687,0.003820687,1.681684941,1.386824168,1.976545715,3.363369883,-3.147804261,23.73720445,1
6.5,6.5,0.190196427,0.135833252,0,0,0,0,0.359097511,0.217511738,0.509352794,7.181950219,-7.588994738,22.3097776,1
6.6,6.6,0.362742775,1.609767815,0.002846003,0.023463778,0.009158022,0.073264177,0.648491464,0.001845484,6.476898452,23.99418418,-9.534068629,23.44075126,1
6.7,6.7,0.365471818,1.054987693,0.002343987,0.014661708,0.007858752,0.062870012,0.515765171,-0.092837262,2.0373297,18.05178098,-7.69355695,19.78723467,1
6.1,6.1,0.371310679,1.946414369,0.003822695,0.019569007,0.009623533,0.076988261,0.826715332,0.08425454,5.346550115,28.10832127,5.960529072,19.3274933,0
6.11,6.11,0.419767817,0.563124993,0.002993229,0.002993229,0.002993229,0.002993229,1.446088553,0.537991403,4.553630823,7.230442766,9.191640183,23.73944167,0
6.12,6.12,0.493363677,0.232693191,0,0,0,0,0.69202945,0.110165662,3.300155953,10.38044175,9.891554713,23.46565855,0
6.13,6.13,0.389397632,1.490858285,0.001923567,0.00749555,0.004443719,0.013331156,0.754140812,0.066915519,1.769841202,18.8535203,10.07511241,22.99752796,1
6.14,6.14,0.414859834,0.581635945,0,0,0,0,0.539376793,0.009833123,1.480727632,9.708782269,5.171362405,22.24068112,1
6.15,6.15,0.482782025,0.209424421,0.009885807,0.025997409,0.01545243,0.04635729,0.909736681,0.216147995,2.695043589,6.368156768,4.626719548,23.66687064,1
6.16,6.16,0.573799823,0.812275055,0.002796266,0.01775399,0.010161819,0.040647274,0.606575164,-0.106669515,1.456375074,16.9841046,2.845462405,21.67779712,1
6.17,6.17,0.44092737,3.426102265,0.003807054,0.035793965,0.014478535,0.144785345,1.313476639,0.279075005,3.877993451,53.85254219,-1.252804261,21.2708554,1
6.18,6.18,0.626442515,0.552902118,0.002378316,0.013896313,0.009370717,0.037482867,1.455311054,0.504677103,3.807273623,18.91904371,-6.256970928,23.68378006,1
6.19,6.19,0.595667831,0.252065003,0.015072674,0.019020799,0.017046736,0.034093473,2.235981634,0.837625278,4.375370098,6.707944901,-6.178137595,23.74099112,1
6.2,6.2,0.625248297,0.054453241,0.001490925,0.001490925,0.001490925,0.001490925,0.526009944,0.387784824,0.608516411,2.104039777,-6.319470928,23.73362778,1
6.21,6.21,0.647884531,0.258461742,0,0,0,0,1.246163792,0.946529917,1.545797667,2.492327585,-6.803637595,23.71058255,0
6.22,6.22,0.669409238,0.45074485,0.002351398,0.009752442,0.007047007,0.035235033,0.484169686,0.152636523,1.146805355,9.199224033,-7.106762595,23.6950282,0
6.25,6.25,0.78031741,0.630263364,0.003934812,0.02228204,0.014591218,0.058364874,3.372759046,1.140960741,5.594751387,20.23655428,-4.581137595,23.64663445,1
6.27,6.27,0.973673151,2.170385966,0.001493904,0.010741229,0.006077687,0.109398373,1.414903726,-0.489102088,6.188369343,97.62835711,0.045314018,23.29910096,1
6.3,6.3,1.119401938,0.422177455,0.011528957,0.014541371,0.01266833,0.03800499,1.308814807,0.023665376,3.736748614,15.70577768,0.464862405,23.72060667,0
6.33,6.33,1.166244134,0.925693464,0.004101919,0.004101919,0.004101919,0.004101919,1.080701273,-0.430850769,6.130897306,28.0982331,-7.349887595,15.97958449,0
6.34,6.34,1.179081916,1.464846268,0.001787403,0.003687313,0.00279255,0.00837765,0.647416813,-0.051145683,2.367745208,33.66567426,-7.375228504,3.794759637,1
6.37,6.37,1.28270524,0.606196435,0.002355914,0.003987966,0.00317194,0.00634388,2.069215316,0.785413393,3.504132979,12.4152919,-8.607716542,23.57292486,1
7.1,7.1,0.469205718,1.622444679,0.029306263,0.060277499,0.044791881,0.089583762,0.96322626,0.717606652,2.281518141,20.22775147,-13.62839999,26.34718728,1
7.2,7.2,0.544387798,0.570740583,0.023266629,0.077624626,0.050445628,0.100891255,0.766202914,0.30774096,0.866442673,11.49304371,-15.33811427,27.1000169,1
7.3,7.3,0.623148535,-0.092279236,0,0,0,0,0.829728349,0.164571285,0.983295319,11.61619688,-14.92800316,27.14643523,1
7.4,7.4,0.527848585,0.917514457,0.008661381,0.034832079,0.0196776,0.059032801,0.980376292,0.582243942,4.521613583,32.35241763,-12.21433166,23.06049071,1
7.7,7.7,0.231116665,18.07162494,0.045468317,0.217474398,0.110057386,0.550286929,1.308828061,-0.160425137,5.593938079,70.67671528,3.496361918,27.09814353,1
7.8,7.8,0.460677954,3.212820294,0.012614811,0.08592616,0.043002787,0.172011149,0.878465181,-0.017255462,2.496965207,40.40939831,3.233385727,26.74272296,1
7.9,7.9,0.532855163,0.107495872,0.005150164,0.007806792,0.006478478,0.012956956,0.883644276,0.621782445,1.021574634,20.32381834,2.509010727,27.16106843,1
7.1,7.1,0.49255737,2.13727661,0.103835352,0.103835352,0.103835352,0.103835352,0.886387116,0.669001995,1.078741769,20.38690366,1.640885727,27.10695135,1
7.11,7.11,0.494778392,1.122569327,0.013157886,0.013157886,0.013157886,0.013157886,0.886488946,0.391225124,1.319750351,13.29733418,1.035885727,27.19006579,1
7.13,7.13,0.479359842,7.114245842,0,0,0,0,0.78182524,0.242892778,1.417085583,24.23658242,-0.937750636,26.96662091,1
7.14,7.14,0.564215074,1.866355111,0.009536927,0.009536927,0.009536927,0.009536927,0.870660953,0.425978712,1.403612271,10.44793143,-0.69689205,27.1950019,1
7.15,7.15,0.355225387,11.95537663,0.026139535,0.182817956,0.097847199,0.391388796,1.140464201,0.646210693,4.580543581,58.16367427,1.29930678,26.57847931,1
7.16,7.16,0.514962567,1.759654067,0,0,0,0,1.165100166,0.617627125,3.945283238,26.79730382,0.856148885,26.90934503,1
7.18,7.18,0.72873447,-0.019560257,0,0,0,0,0.974648894,0.826652332,1.154418967,2.923946683,7.220885727,27.19420468,1
7.19,7.19,0.747836875,-0.018768641,0,0,0,0,1.090326298,0.893892971,1.205793837,5.451631491,7.580885727,27.18467135,1
7.2,7.2,0.763232855,0.161480386,0.000648345,0.000648345,0.000648345,0.000648345,0.891962216,0.470176211,1.413811694,13.37943324,7.774219061,27.1980471,1
7.23,7.23,0.943179298,0.114597289,0,0,0,0,1.968169209,1.118909866,3.117744888,7.872676834,5.185885727,27.18480135,1
7.24,7.24,0.959365429,0.223947337,0.007905265,0.013354871,0.010630068,0.021260136,0.916969248,0.217205343,2.201307866,17.42241571,4.388028585,26.76129552,1
7.27,7.27,0.98283865,10.1678645,0.014410309,0.142427845,0.051314193,0.359199348,0.965265172,0.172504169,3.754390338,102.3181082,5.128885727,22.48009059,1
7.28,7.28,1.071145423,0.563821006,0.00307963,0.028887127,0.014018433,0.042055299,0.902568342,0.26467673,1.245458259,26.17448192,5.661385727,26.92310845,1
7.29,7.29,0.551803098,20.29100078,0.018665218,0.111618512,0.052808588,0.475277288,1.126147573,0.090405112,4.349356666,54.05508352,1.069860086,24.12640927,1
7.3,7.3,0.970734488,3.550350412,0.002948021,0.028436877,0.014590962,0.145909623,1.037184368,-0.295536009,4.176470154,62.23106205,-1.599331664,26.6407625,1
7.31,7.31,1.157505292,0.964452719,0,0,0,0,1.024848522,0.441844481,3.706667113,26.64606158,-0.699114273,26.80374503,1
7.32,7.32,1.195646996,2.052641178,0.013472594,0.013472594,0.013472594,0.013472594,1.153477313,0.364152582,4.869023551,26.52997821,1.073663505,27.1818854,1
7.33,7.33,1.208739281,1.067105472,0.003043139,0.021811423,0.009252982,0.046264912,0.718567746,0.275631666,2.41171818,35.20981957,1.579171442,27.16799202,1
7.34,7.34,1.11075988,2.230994995,0.01346723,0.01346723,0.01346723,0.01346723,1.030159498,0.14404652,5.765187647,46.35717739,2.582944551,26.72993935,1
7.35,7.35,1.007294006,1.173411784,0.010423532,0.010423532,0.010423532,0.010423532,0.923178086,0.244403803,2.829768594,25.84898641,0.500431182,26.18423823,1
7.36,7.36,0.841450109,11.68327307,0.01166815,0.109660544,0.039522902,0.395229016,1.385413441,0.277898204,3.839889203,73.42691237,4.912703909,22.88761426,1
8.1,8.1,-1.029942142,3.564312522,0.169181404,0.169181404,0.169181404,0.169181404,1.314520953,1.270761341,1.358280564,2.629041905,-0.922951535,71.24756064,0
8.4,8.4,-1.211874817,32.63266378,0.040377902,0.251435911,0.117649236,0.823544653,1.203581162,0.083103776,3.417203884,37.31101602,-12.24495153,66.05506452,1
8.5,8.5,-1.414605848,86.18292876,0.064328708,0.085986711,0.075157709,0.150315419,1.102435464,0.025859797,4.36389943,90.39970807,-4.861618201,35.72052793,1
8.6,8.6,-1.119745282,32.06888425,0.032485654,0.184610907,0.105976932,0.847815454,1.154438412,0.048178749,3.918657004,33.47871395,-5.60466582,66.9529719,1
8.7,8.7,-1.50092651,72.11179811,0.036896311,0.238385898,0.115923081,1.622923132,1.827204894,0.012530423,5.509915617,76.74260557,-9.379951535,70.15104343,1
8.8,8.8,-0.005247917,1.926740394,0.028481317,0.10742145,0.058160131,0.174480394,1.200084659,0.659676702,2.101832316,6.000423297,-16.48795153,67.11893509,1
8.9,8.9,-2.626504937,132.7909256,0.041992008,0.167732945,0.079940015,0.799400147,1.623395615,0.068017818,4.903894074,84.416572,-28.21815153,60.29881558,0
8.1,8.1,0.103810077,1.442202173,0.013667413,0.069635023,0.035807607,0.10742282,0.721267365,0.200588259,3.431359886,10.81901048,-20.30932653,52.76162106,0
8.11,8.11,0.201109042,3.485402666,0,0,0,0,0.848256921,0.209887823,1.698231268,15.26862458,-5.877583114,53.35389351,0
8.14,8.14,0.85445342,2.524154127,0.051338284,0.098855969,0.075097126,0.150194253,0.954541745,0.164319962,3.043464767,8.590875705,0.247548465,70.94258779,1
8.15,8.15,0.594105678,20.94851011,0.054897995,0.054897995,0.054897995,0.054897995,0.801293385,0.259485494,2.452942496,24.84009495,-2.788389035,69.71360252,1
8.18,8.18,1.089600768,0.391608374,0,0,0,0,0.966436001,0.197695062,2.077653452,8.697924011,5.477548465,71.31084493,0
8.19,8.19,0.946472629,0.66890102,0.009633135,0.049371584,0.029502359,0.059004719,0.581353713,0.103459487,2.063600778,6.394890844,6.053381799,71.36549277,0
8.22,8.22,0.365228994,11.33332721,0.029945635,0.122472254,0.064027367,0.512218935,1.293440161,0.198831675,3.929919808,37.50976466,-0.402808678,66.87814837,1
8.25,8.25,0.357907088,22.19441724,0.065452048,0.330658854,0.132748778,0.663743889,0.686283786,0.041565727,2.396628474,21.96108115,-9.599639035,70.8070001,1
8.26,8.26,0.885987666,4.493764525,0.008834275,0.082532679,0.031415268,0.251322145,0.73963634,0.252355828,4.99461648,41.41963505,-4.104784868,59.56676881,1
8.28,8.28,-0.128648237,22.83079362,0.011033878,0.10236731,0.050322011,0.402576086,0.937768088,0.192631966,3.384242098,39.3862597,2.330548465,62.61193475,1
8.29,8.29,-0.398231862,67.98700174,0.019799004,0.066225551,0.037200733,0.372007334,1.579617999,0.017180205,4.801598877,104.254788,-3.870346272,53.63881414,1
8.31,8.31,0.968397651,6.832680126,0.024075018,0.115942579,0.075961657,0.303846629,1.330558141,0.167109831,3.116931317,22.61948839,-0.81050709,71.36367215,0
8.32,8.32,0.693115403,2.03020078,0,0,0,0,0.373068544,-0.036550605,3.641943331,12.31126195,0.364139374,69.56787212,1
8.34,8.34,-0.521455617,54.80261551,0.03179421,0.199926098,0.087532329,1.225452605,1.864265016,0.10190956,5.93221912,76.43486567,-2.190860626,70.80083963,1
8.35,8.35,-0.11042837,50.99832368,0.026664888,0.183155692,0.095933586,1.151203032,2.431743842,0.756908803,6.472833735,92.406266,-3.019951535,70.31889979,1
8.37,8.37,-2.753184985,391.4944347,0.066341811,0.576912398,0.209670434,6.080442574,2.188071093,0.154193771,6.38469454,273.5088867,-8.567041087,57.72668128,1
8.38,8.38,-12.15992062,202.7120929,0.302974943,1.114607036,0.793258649,3.966293247,2.686091292,0.469655625,5.674001245,34.91918679,-14.66495153,71.03905123,1
9.1,9.1,-2.0940142,3.434409466,0,0,0,0,2.623182587,0.443291946,3.710299201,10.49273035,1.600501628,94.59022105,1
9.2,9.2,-1.529714549,4.45650572,0.025513429,0.214885649,0.077464601,0.309858405,2.167314185,0.611227791,4.355839825,8.669256741,-0.105569801,92.2757444,1
9.3,9.3,-2.912172997,25.92704014,0.322055352,0.322055352,0.322055352,0.322055352,4.094035584,0.187219559,13.79240507,65.50456935,-4.098665039,93.67067635,1
9.5,9.5,-2.461685352,74.46114748,0.066203475,0.518438378,0.220501796,1.323010778,1.236498359,0.047868538,10.49800403,65.53441303,-13.48741504,87.70241644,1
9.6,9.6,-3.4538268,223.8534748,0.063575668,0.591152935,0.184223606,3.868695736,1.493728598,0.02642992,6.82008992,159.82896,-1.474447352,46.83671602,1
9.7,9.7,-3.585049318,94.10001346,0.058893578,0.424425785,0.178015499,1.958170484,1.862564741,0.043104401,8.438705617,85.67797808,-14.10033171,94.33213914,0
9.8,9.8,-3.572481497,65.36998201,0.052235742,0.465569574,0.173436572,1.387492578,2.42617806,0.106229222,12.34887143,77.63769791,-12.24433171,92.72482064,1
9.1,9.1,-2.288102447,116.5986431,0.020826544,0.099791197,0.039841623,0.597624349,1.310567213,0.131240944,8.127845649,138.9201246,-3.324989026,69.88068338,1
9.12,9.12,-0.166373105,17.88988181,0.013587314,0.026656644,0.017976194,0.053928582,2.963520656,2.368003475,3.72101851,8.890561968,2.401515142,93.41937818,1
9.13,9.13,-1.373221422,43.07112381,0.04153289,0.327171386,0.131895246,1.582742949,5.925623114,2.931362728,8.919883499,11.85124623,-4.578058978,83.58697767,1
9.14,9.14,0.25304276,1.876895184,0.023986482,0.096936204,0.050448893,0.151346678,0.960945256,0.230096796,4.23435432,15.37512409,-12.85799837,94.02793462,0
9.15,9.15,0.183617578,3.839224633,0.059822281,0.059822281,0.059822281,0.059822281,0.953531067,0.21223128,3.182670979,9.53531067,-11.72099837,93.93172493,0
9.16,9.16,0.443055199,7.706760666,0.010847813,0.060329088,0.033021815,0.132087261,0.570583744,0.151488528,3.177906841,13.69400985,-6.786998372,89.29101973,0
9.17,9.17,-0.540627527,19.82551196,0.039332403,0.36330112,0.165545298,0.496635895,0.800102789,-0.285621083,3.252942006,24.80318646,0.353418295,90.51668101,1
9.18,9.18,-0.080016864,4.800763448,0.012279161,0.085146478,0.029836874,0.208858118,0.774995016,0.189601627,6.094749993,23.24985049,5.844073057,94.29756946,1
9.19,9.19,-0.767029245,8.836205096,0.12229303,0.345396796,0.233844913,0.467689825,2.159810669,0.270591964,4.123588124,10.79905334,5.265501628,94.52222462,1
9.21,9.21,-1.474467674,21.55751878,0.045397294,0.053654301,0.049525797,0.099051594,0.630911201,-0.221305227,1.94875938,11.98731283,9.696183446,90.3410876,1
9.22,9.22,0.138332332,18.65723754,0.018409518,0.162209138,0.060974544,0.304872719,5.102221358,1.808217325,6.776021648,15.30666408,13.05300163,93.97216319,0
9.24,9.24,-2.597401753,155.0386216,0.048068343,0.186558192,0.09899615,0.296988449,1.039451659,0.126476806,5.12167492,78.99832609,-7.182755948,-4.399016449,1
9.25,9.25,-0.698809996,7.905132083,0.014007783,0.100090635,0.058060268,0.348361609,1.819669579,0.257490586,5.439681094,23.65570452,-22.75771266,94.53025044,0
9.26,9.26,-0.216364856,10.63652451,0.010297101,0.074124767,0.032464606,0.389575272,0.749905618,-0.109347997,3.765086782,34.49565845,-10.85099837,42.85768584,0
9.27,9.27,-1.494238124,38.87537119,0.016124924,0.026720287,0.018367019,0.110202115,1.42929825,0.118139566,7.87415533,40.02035101,1.960896365,93.69862492,1
9.29,9.29,-2.563383957,87.75016712,0.046525197,0.281382087,0.123444864,1.604783237,1.804367237,0.143151287,6.565208566,77.5877912,-4.455807896,82.30870481,1
9.3,9.3,-1.591214193,60.5044874,0.032560586,0.064641308,0.04397541,0.175901641,1.1850315,0.107420256,6.198369983,61.62163799,1.366847782,91.30608662,1
9.31,9.31,-1.514758251,32.81912976,0.035773022,0.203295614,0.073972144,0.591777151,0.485697732,0.110993359,1.720080782,23.31349115,-4.130476633,94.23404175,1
9.33,9.33,-1.445687798,119.0752992,0.051744654,0.151413704,0.087277657,0.261832971,3.848905825,1.656955961,9.795293755,30.7912466,-12.96349091,90.74980891,0
9.34,9.34,-0.231661834,57.07059472,0.020098637,0.196959218,0.064173384,1.155120909,3.242222697,2.089301434,4.395143959,6.484445393,-26.12042694,73.23129928,0
9.35,9.35,0.250128499,5.347111594,0.005463511,0.050787498,0.02648247,0.211859758,0.582913656,0.076453363,1.035236024,12.82410044,-8.476735214,80.28481973,0
9.36,9.36,-1.819012656,128.421293,0.048194985,0.300439488,0.133641703,1.737342134,1.471236741,-0.03907697,9.73931514,85.33173098,1.956948996,84.78880074,0
10.4,10.4,-0.331508204,0.031802871,0,0,0,0,0.582296791,0.188058927,1.954213966,5.240671119,2.22111633,38.40760944,1
10.5,10.5,-0.616616258,6.489111543,0.028058232,0.084626803,0.058683221,0.176049663,1.03140087,-0.103088221,3.933050963,26.81642263,1.275342521,38.23629865,1
10.6,10.6,-0.477801569,5.192195483,0.004325009,0.033946952,0.011996217,0.095969737,0.754127397,-0.09069898,5.919459163,40.72287943,-0.327059961,37.9369252,1
10.8,10.8,-0.565698627,2.178217612,0.003629226,0.004927377,0.004278302,0.008556603,2.578532259,0.229356395,10.3857803,46.41358066,-3.131740812,38.31710167,1
10.13,10.13,-0.480054084,1.325684413,0.001975331,0.003609386,0.002792358,0.005584717,0.298401828,0.093763043,3.196579455,10.44406398,1.010194671,30.74184379,1
10.16,10.16,-0.50923147,3.067734862,0.004061802,0.005199279,0.004630541,0.009261081,1.203169216,-0.003286007,6.9408832,62.56479924,-0.945940812,32.22170227,1
10.18,10.18,-0.435738795,4.894492742,0.009629082,0.088905341,0.029479499,0.23583599,5.465187018,3.405131667,7.525242369,10.93037404,-2.135951339,37.56335416,1
10.19,10.19,-0.076807108,0.225977579,0.014012948,0.014012948,0.014012948,0.014012948,2.687473449,0.702212401,5.006785126,16.1248407,-3.805074146,38.06340659,1
10.23,10.23,-0.127099912,0.101292882,0,0,0,0,0.210613698,0.124736143,0.432402278,2.737978076,-17.87774081,38.35105103,1
10.24,10.24,-0.176494086,1.050749855,0.002619574,0.025711711,0.007830499,0.06264399,0.386479494,0.082062093,2.772592119,9.661987354,-16.68126462,38.13293849,1
10.25,10.25,-0.194196551,0.245875016,0.002572808,0.002572808,0.002572808,0.002572808,0.236067234,0.142631713,0.303003546,2.832806803,-13.44274081,36.86860103,1
10.26,10.26,-0.289225672,2.466326515,0.002873208,0.023745214,0.007079392,0.127429054,0.263223636,-0.015675247,4.361856337,21.84756177,-4.965740812,34.72488388,1
10.27,10.27,-0.342352219,3.960872002,0.001907566,0.004950786,0.002984794,0.023878352,0.808521515,-0.580762264,8.278232865,87.32032365,-2.391538792,29.80631493,1
10.28,10.28,-0.348102822,6.330605671,0.003388283,0.033556017,0.010308131,0.288627665,0.491922424,-0.017051829,5.948367391,49.68416484,-8.101855755,12.91587629,1
10.29,10.29,-0.337433322,0.536587207,0.00614464,0.017357197,0.010612093,0.053060465,2.018626544,-0.228357206,10.75332777,48.44703706,-12.73054081,33.05657225,1
10.3,10.3,-0.240870445,3.207234415,0.003002282,0.003002282,0.003002282,0.003002282,0.65118908,0.018739309,3.459506666,44.93204655,1.084168279,-7.952305139,1
10.34,10.34,0.662320883,3.138079211,0.004667199,0.00843588,0.00655154,0.01310308,0.799019094,0.103399118,7.163201235,56.7303557,-1.798248749,32.69035532,1
10.35,10.35,0.823313032,2.178615031,0.007671641,0.007671641,0.007671641,0.007671641,1.454198364,0.131619055,8.100653753,53.80533946,1.790318011,36.85359823,1
10.36,10.36,1.084580166,2.145293392,0.003843531,0.033658574,0.012435809,0.111922281,1.36906578,-0.307510686,13.41357298,56.13169699,4.387206556,37.96245061,1
10.37,10.37,1.119086699,1.986444615,0.007321142,0.007321142,0.007321142,0.007321142,0.487675049,0.157774118,2.597077881,11.21652612,4.307759188,38.18865983,1
11.1,11.1,0.041510523,0.108879721,0.02542991,0.02542991,0.02542991,0.02542991,0.305907036,0.03070717,1.138694442,2.44725629,-4.140795736,8.599848903,1
11.2,11.2,0.111279404,0.055995447,0,0,0,0,0.404946451,0.16940524,0.641670839,3.644518055,-3.565795736,8.634298903,1
11.3,11.3,0.138472111,0.010183371,0.008240652,0.008240652,0.008240652,0.008240652,0.334937794,0.119090585,0.552488778,3.349377935,-3.420379069,8.646105927,1
11.4,11.4,0.063675875,0.033359693,0.000641464,0.003168644,0.001905054,0.003810109,0.41308714,0.232498221,0.649923507,5.783219953,-2.558674524,8.349208297,1
11.5,11.5,0.088737072,4.312760281,0.015995104,0.06263866,0.038416965,0.192084827,0.552602363,0.238887383,1.40810413,41.44517726,0.959419318,8.122586728,1
11.9,11.9,-0.066557065,1.979680172,0.040384237,0.084594652,0.062489444,0.124978889,0.843077357,0.364008483,1.506869934,15.17539242,-0.741271926,8.536130515,1
11.11,11.11,0.567612066,1.217350122,0.105395809,0.105395809,0.105395809,0.105395809,0.676039209,0.2814818,1.251303432,6.760392091,-2.931629069,8.627911284,1
11.13,11.13,0.558789883,0.051108258,0.002498,0.002590925,0.002544463,0.005088925,0.599416586,0.356820675,0.981361314,10.78949854,-2.592129069,8.608001284,1
11.14,11.14,0.487099967,0.981084506,0.009817267,0.050908179,0.030362723,0.060725446,0.619749049,0.337386973,0.829352489,16.11347527,-1.546033831,8.436669379,1
11.15,11.15,0.443907703,0.09774297,0,0,0,0,0.698740702,0.557546865,0.830949779,5.589925619,-0.804129069,8.60827557,1
11.16,11.16,0.45841961,1.405321307,0.081926542,0.081926542,0.081926542,0.081926542,1.023526829,-0.079772099,4.459195462,18.42348293,-0.519129069,8.645771723,1
11.19,11.19,0.855676723,0.646719794,0,0,0,0,0.829732796,0.215194239,2.396827034,5.808129573,-1.126129069,8.64210557,1
11.2,11.2,0.912233501,1.678184451,0,0,0,0,2.004359414,0.659241036,3.992520381,8.017437656,-0.886129069,8.64460557,1
11.21,11.21,1.074453767,-0.055566703,0,0,0,0,0.961927612,0.759870346,1.279256018,7.695420894,-0.594129069,8.62635557,1
11.22,11.22,0.960506548,1.240402848,0,0,0,0,0.526100206,0.222115832,0.926787218,8.417603295,-0.299962402,8.638467236,1
11.23,11.23,0.941573728,0.009031174,0,0,0,0,0.589865379,0.271898056,1.040194853,11.79730759,-0.284717304,8.612069687,1
11.24,11.24,0.824206617,0.1519833,0.01420407,0.01420407,0.01420407,0.01420407,0.502373785,0.305707375,0.874875272,8.037980554,-0.992590608,8.567328134,1
11.25,11.25,0.74293901,0.210634064,0,0,0,0,0.971943955,0.38211111,6.462730352,15.55110328,-1.286986212,8.644392053,1
11.26,11.26,0.499326562,1.254660594,0.007480107,0.007480107,0.007480107,0.007480107,0.886773039,0.284410166,3.239930276,46.11219805,-1.122966278,8.604793621,0
11.28,11.28,0.326608237,1.425865035,0,0,0,0,0.798384328,0.226375273,3.412970095,46.30629103,-2.346837402,8.218131997,1
11.29,11.29,0.403597958,1.061254972,0.007253086,0.007253086,0.007253086,0.007253086,0.806246854,0.514153803,1.0833217,23.38115875,-2.330379069,8.159868504,1
11.3,11.3,0.320168612,0.42128861,0.022322976,0.022322976,0.022322976,0.022322976,0.837128188,0.275092638,1.99670573,20.09107652,-0.43024018,8.547673936,1
11.31,11.31,0.312407237,0.303776494,0,0,0,0,0.79536166,0.408998836,1.107547275,17.49795652,-0.094655385,8.463159195,1
11.32,11.32,0.263885154,1.519005246,0.012165077,0.012165077,0.012165077,0.012165077,0.947197043,0.289468253,2.789494316,22.73272902,0.524818299,8.55058785,1
11.33,11.33,0.430949621,2.774722624,0,0,0,0,1.065440919,0.423374452,2.640413856,25.57058205,-0.325129069,8.621045043,1
11.35,11.35,0.466725894,2.673018614,0.029343052,0.122281464,0.075812258,0.151624515,0.904459499,0.534918581,2.04675417,28.03824447,0.743947854,8.540323416,1
11.36,11.36,0.491289848,1.000426061,0.057938295,0.057938295,0.057938295,0.057938295,0.76222635,0.395421866,1.038065132,15.244527,1.723370931,8.585962236,1
11.37,11.37,0.46284115,2.151667955,0.015155519,0.094951195,0.044583221,0.133749663,0.946409847,0.469962095,5.985672881,29.33870527,1.432409392,8.523468031,1
11.38,11.38,0.499419809,0.034105312,0.000400917,0.002505035,0.001452976,0.002905951,0.991776981,0.436685207,1.922964145,15.86843169,0.861255546,8.64503198,1
12.8,12.8,0.557584392,7.339453413,0.011053573,0.093601549,0.028390917,0.255518257,0.886657135,0.064941556,10.27788918,35.46628538,0.483370349,94.6733468,1
12.1,12.1,-0.263547331,31.6936606,0.020501312,0.186567135,0.072816797,0.873801568,1.321622847,-0.331017562,4.951207255,51.54329105,-19.14166912,65.89809382,1
12.13,12.13,-3.306382451,101.2378603,0.076620971,0.647354364,0.350465016,1.401860062,1.213619505,0.061756155,7.214364983,32.76772665,-39.08587965,77.46431864,1
12.14,12.14,0.917683595,2.839262612,0.010581724,0.010581724,0.010581724,0.010581724,0.306543177,0.065495539,1.124710415,5.21123401,-22.75462965,111.4770243,1
12.16,12.16,0.200039911,6.040012322,0.021533517,0.07739866,0.04533975,0.226698748,0.226404423,0.057047303,0.430847113,6.7921327,-19.35730822,114.0486825,1
12.17,12.17,-4.196344733,209.9794243,0.151060767,1.070871932,0.595182174,2.380728696,0.658632094,-0.005691235,4.577407445,31.61434053,-9.875129651,93.87359809,1
12.19,12.19,1.496276284,1.860112765,0.020366579,0.081160594,0.050763587,0.101527174,0.479156921,0.013698158,3.477474841,5.27072613,1.526620349,114.5076812,1
12.21,12.21,1.538104597,1.047258421,0.01877232,0.021685416,0.020228868,0.040457736,0.201969171,0.085577411,0.383343099,2.019691708,5.036342571,113.8850082,1
12.27,12.27,0.169281076,19.60684988,0.046095658,0.087256185,0.069681262,0.278725049,0.420204254,0.014667628,4.565912304,27.31327651,4.728584635,112.9223502,1
12.29,12.29,-23.23837109,987.8386243,0.268880038,0.936758908,0.577008263,2.308033051,0.500442494,0.140421695,3.036643126,26.52345217,0.341729045,107.3687107,0
12.3,12.3,-9.990828287,345.3080145,0.254643558,1.413817606,0.847023566,4.235117831,0.581308079,-0.023695672,2.49609453,22.08970702,8.562355643,113.6428331,0
12.31,12.31,-19.46209352,481.1528754,0.401801263,1.825089447,0.847743457,4.238717286,3.527575649,1.569281513,5.168783951,28.22060519,4.600787016,113.2049577,1
12.32,12.32,-4.88238073,138.6872983,0.059713017,0.387389706,0.197388531,1.776496778,2.933108381,0.008019836,11.50551479,87.99325142,3.621977492,114.3006926,1
12.33,12.33,-0.347521633,4.98446917,0.004237076,0.031768219,0.018007994,0.234103923,0.440014633,0.042643753,5.511976219,13.64045363,5.190682849,113.4536858,1
12.35,12.35,-15.34150511,937.1343508,0.251100847,2.479614278,0.908806652,7.270453213,1.040897831,-0.068014286,5.731353359,63.49476771,0.458430694,104.6887268,0
12.37,12.37,-9.045617974,270.6689888,0.123154521,0.546243868,0.393509656,2.361057937,1.655001397,0.10316636,4.30734089,51.3050433,-5.118067151,113.2895173,1
13.1,13.1,-0.12546797,-0.007685128,0,0,0,0,0.622862176,0.087522323,1.287078508,4.360035229,-2.577548154,25.92717676,0
13.3,13.3,-0.202286746,-0.004547043,0,0,0,0,0.523729247,0.222503247,0.916690854,3.142375481,-1.485048154,26.0180351,1
13.4,13.4,-0.206488392,0.053823166,0.00600983,0.00600983,0.00600983,0.00600983,1.027317362,0.378155535,2.294884649,8.218538897,-2.470048154,25.81934462,1
13.5,13.5,-0.176239431,1.378396543,0.009808939,0.036722149,0.018473735,0.092368674,0.960182515,0.089527754,3.811761703,41.28784812,-4.818381487,24.74299891,0
13.6,13.6,-0.108688744,0.258760437,0.000857781,0.000884785,0.000871283,0.001742566,0.633003106,0.117295258,3.025015748,27.21913355,-6.952472397,25.96181407,0
13.7,13.7,-0.172467511,2.950676518,0.008488305,0.008488305,0.008488305,0.008488305,1.15326953,-0.760466405,5.427521924,77.26905849,-2.123381487,16.04087915,0
13.8,13.8,-0.36493034,1.193424556,0.007397042,0.021292503,0.013269127,0.053076508,1.179802649,0.154472861,5.824751499,49.55171124,4.559069493,25.53308438,0
13.1,13.1,-0.776427538,4.376491246,0.005648367,0.054475368,0.019277543,0.212052978,1.481928954,0.081506031,5.1655818,75.57837664,-1.776971231,24.48113253,1
13.13,13.13,-0.649394174,0.410900627,0.004036617,0.025323266,0.013332381,0.039997143,0.77854752,-0.081705189,4.69677377,40.48447104,-3.601073795,25.86534495,1
13.16,13.16,-0.6627599,0.677809482,0,0,0,0,0.655621464,-0.184907747,2.365846049,29.50296589,2.798840735,23.05880303,0
13.17,13.17,-0.725305677,0.942266016,0,0,0,0,0.884901469,0.192884576,3.563396803,12.38862056,-1.508509693,25.94168766,0
13.2,13.2,-0.866051835,0.354819865,0,0,0,0,1.177126904,0.428291306,3.534549452,14.12552285,6.698951846,26.00516954,1
13.21,13.21,-0.840222327,-0.011489634,0,0,0,0,0.710979926,0.31135926,3.502616822,7.109799262,6.007451846,25.97618034,0
13.22,13.22,-1.083868462,1.919627189,0.003537926,0.00783223,0.005685078,0.011370156,1.12864947,-0.620549036,6.124177754,32.73083462,3.902644154,23.8108373,0
13.23,13.23,-1.038422004,0.808120776,0,0,0,0,1.062873711,0.102485923,3.36100255,27.63471648,1.519951846,26.00699224,0
13.24,13.24,-0.907155105,0.021929514,0.00204648,0.002117783,0.002082132,0.004164264,0.329219593,0.080734711,0.628680129,5.925952682,0.730666132,25.81041001,0
13.28,13.28,-0.906090803,2.961888132,0,0,0,0,0.824090974,0.110816174,6.107362987,107.1318266,2.651490307,13.2665925,1
13.31,13.31,-1.008604516,2.101256292,0.002770239,0.018687547,0.009818366,0.09818366,1.180630799,-0.029101195,5.070400966,64.93469393,-6.554006487,-7.57756734,1
13.32,13.32,-0.965513844,0.445155585,0.038118507,0.038118507,0.038118507,0.038118507,0.717411262,0.158946515,2.186437119,15.06563651,-14.28615927,25.93575307,0
13.34,13.34,-1.065474508,16.80381882,0.019458559,0.137538107,0.053483559,0.534835589,1.23553416,0.201831882,4.756165376,103.7848694,-0.366714821,4.020590497,1
14.11,14.11,-0.588923079,1.392452775,0.034722219,0.046048843,0.040385531,0.080771062,1.82742716,1.276479171,2.366962209,5.482281481,-3.827876753,277.6487176,1
14.16,14.16,-0.693571923,1.861607657,0.007699593,0.023284427,0.015566255,0.062265018,4.600629635,1.295990609,9.062668769,50.60692598,4.38445658,274.1016085,0
14.17,14.17,-1.333032672,25.49809348,0.031155538,0.031155538,0.031155538,0.031155538,2.548412333,2.147739941,3.106426965,7.645236998,-11.08391842,244.514506,0
14.19,14.19,-0.749206563,3.233836918,0.011060221,0.040613688,0.023351215,0.070053646,3.88815087,1.988834284,6.008565823,15.55260348,-31.70740056,270.8714861,1
14.2,14.2,-0.793981355,0.97750415,0.019057536,0.025236673,0.022147105,0.04429421,2.313071241,0.267137452,6.203586402,13.87842744,-29.21204342,277.3424086,1
14.21,14.21,-0.661032059,-0.044139978,0,0,0,0,0.902533385,0.174458119,2.241263519,10.83040062,-30.24454342,277.7952554,1
14.24,14.24,-0.854191385,0.152443125,0.00195763,0.005814788,0.003886209,0.007772418,0.447513195,0.152695361,1.244116448,11.18782989,-17.15021009,269.3530982,1
14.25,14.25,-0.88615919,0.203399919,0,0,0,0,1.517976997,0.287680745,3.545715745,22.76965496,-25.15104342,276.7199624,1
14.29,14.29,-1.01380295,9.613466219,0.014083032,0.098434532,0.048543114,0.194172456,0.812584265,0.046977134,3.856116465,49.56764016,15.81183589,274.3825067,1
14.3,14.3,-0.824957896,0.185295336,0.000506603,0.004970355,0.002310883,0.009243533,0.448336535,0.128306063,1.392046922,15.69177874,11.61573436,272.0404329,1
14.34,14.34,-0.866053561,0.12552703,0.000596577,0.003240564,0.001572339,0.006289356,2.026078216,-0.479456484,17.96495017,170.1905702,-9.656403885,258.6171031,1
14.37,14.37,-0.996514098,4.499435647,0.003271305,0.003271305,0.003271305,0.003271305,6.974288221,4.296906125,9.651670317,13.94857644,-21.76411239,257.1562671,1
15.1,15.1,0.207798976,0.506771416,0.002870846,0.002870846,0.002870846,0.002870846,0.872297163,0.021088548,2.817714735,7.85067447,-16.21433859,22.57565261,0
15.3,15.3,0.412395858,0.994843074,0.100896407,0.100896407,0.100896407,0.100896407,0.335370756,0.273373836,0.367284447,1.676853782,-23.03358859,22.67019511,1
15.4,15.4,0.540536167,3.158180694,0.051949675,0.090143274,0.075592424,0.226777272,0.257368355,0.13012036,0.366090668,2.316315191,-22.85183859,22.89203832,1
15.5,15.5,0.65885078,6.318451498,0.064858604,0.158913148,0.103154001,0.412616004,0.290322549,0.138874739,1.035402741,7.838708829,-15.69350526,10.20059572,0
15.11,15.11,0.7354455,14.18350709,0.023990029,0.16696487,0.096642139,0.579852834,1.359453176,0.019098916,5.54430589,31.26742305,2.093161408,23.34702761,1
15.12,15.12,1.334436213,0.271189166,0,0,0,0,0.657107452,0.335052415,1.588918254,7.885289418,0.065320499,23.03399601,1
15.13,15.13,1.100270002,12.07430756,0.021155894,0.039845856,0.02839099,0.113563961,0.573768416,0.335450342,0.909260097,22.95073662,0.932744741,23.36403939,1
15.14,15.14,1.25902389,1.025357928,0.081345745,0.081345745,0.081345745,0.081345745,0.637211135,0.541974103,0.787494643,3.823266813,1.344411408,23.47582511,1
15.15,15.15,1.044209158,10.80300774,0.138107097,0.316525839,0.227316468,0.454632936,0.665850296,0.393547585,1.721029793,15.31455682,2.452982836,22.72457225,0
15.16,15.16,1.175717272,14.216078,0.096266149,0.273935781,0.203667222,0.611001667,1.056542577,0.473530775,2.329459139,8.452340616,2.771078074,23.45997177,1
15.17,15.17,0.953110485,23.07143458,0.050667453,0.213884898,0.126659911,0.88661938,1.527722009,-0.424986859,11.1395479,50.41482631,2.352536408,23.11775261,0
15.19,15.19,1.467677144,-0.005015733,0,0,0,0,0.642052572,0.221643414,1.797829573,2.568210289,0.307744741,23.48653177,1
15.2,15.2,1.19095686,1.855798146,0,0,0,0,1.434169129,0.477907965,3.296022173,12.90752216,0.416911408,23.48487225,0
15.22,15.22,1.391343774,0.148879517,0.007705956,0.029729115,0.018717536,0.037435072,0.793747771,-0.288100204,3.262198436,11.11246879,1.482103715,23.46802921,1
15.24,15.24,0.917132026,0.537786971,0.006465937,0.012222577,0.009415609,0.037662434,0.233694897,0.093909065,0.532423871,4.907592829,4.291253513,23.3060423,0
15.25,15.25,0.514542888,11.0947987,0.017522307,0.08983184,0.037451746,0.486872701,0.729373992,-0.24631794,7.256582851,74.39614723,1.810493882,18.41062228,0
15.27,15.27,0.133470003,31.50074311,0.020699229,0.198060657,0.076298895,0.686690052,0.849950988,-0.055711232,4.255820461,74.79568692,-0.852969545,2.967356385,1
15.29,15.29,0.40039161,1.381621951,0.042554532,0.044305651,0.043430091,0.086860183,0.66631966,0.179065297,3.304776552,20.65590945,-3.044554109,17.76997693,0
15.32,15.32,0.013878869,2.399657003,0.004783867,0.046110336,0.019685115,0.137795808,0.824424773,-0.652600715,4.392707115,25.55716796,0.545744741,23.29792901,1
15.33,15.33,0.149711241,4.617747197,0.011179722,0.091084488,0.041348639,0.165394554,0.609039246,0.236764614,4.32187623,24.97060908,-0.584535961,23.36104462,1
15.35,15.35,0.401808375,5.549769114,0.030592585,0.100914892,0.063015328,0.315076641,0.428098303,0.164342023,0.810176443,22.26111174,-0.187671926,22.93964826,1
16.1,16.1,-0.791253024,0.01735971,0,0,0,0,0.332390224,0.055205812,0.597062839,0.997170671,-1.017144346,49.53900783,1
16.4,16.4,-0.818139678,1.490972365,0.006365933,0.019803934,0.010550417,0.04220167,2.233875287,0.695617296,3.345230786,11.16937644,-6.051144346,48.43777259,1
16.6,16.6,-0.493095338,11.37506602,0.009573685,0.009573685,0.009573685,0.009573685,1.189544519,0.23999542,2.986430965,15.46407874,-5.204586206,49.13156453,1
16.7,16.7,-0.154195465,6.076702658,0.012186588,0.012186588,0.012186588,0.012186588,2.937153736,0.320455895,5.062234224,8.811461207,-2.58643006,47.02717132,1
16.8,16.8,0.145550944,5.757954959,0.022125785,0.022125785,0.022125785,0.022125785,0.969741794,0.065792717,5.806589863,28.12251202,1.267338413,49.12499412,1
16.1,16.1,0.383060923,5.630286441,0.008159039,0.012280492,0.010328573,0.030985718,6.084351742,6.084351742,6.084351742,6.084351742,3.519284225,49.32273217,1
16.14,16.14,0.841986505,0.118239749,0.004020276,0.007325845,0.00567306,0.01134612,0.788589568,0.414775591,1.375681551,3.942947839,14.63868899,49.31073283,1
16.17,16.17,0.9709974,0.500277453,0.004129879,0.012053463,0.008153715,0.040768575,0.413081686,0.041154102,1.753537801,12.39245057,1.862086423,21.73156578,1
16.21,16.21,1.134015638,0.005123113,0,0,0,0,1.454794601,0.132393971,2.962177329,4.364383804,-5.308811013,48.4362045,1
16.24,16.24,1.15012229,0.402062111,0.001094195,0.007773825,0.003548431,0.024839015,4.245406412,2.463437877,6.027374946,8.490812823,1.080633432,47.43353091,1
16.25,16.25,1.163378906,0.115792703,0.001666637,0.004011348,0.002838992,0.005677985,0.196637233,0.015938021,0.496775979,2.3596468,-2.157144346,49.54085025,1
16.26,16.26,1.137620154,1.38174724,0.003810042,0.003810042,0.003810042,0.003810042,0.584703008,0.040576635,3.14831436,22.2187143,-0.449644346,46.67459045,1
16.27,16.27,1.214719896,1.044092985,0.004445641,0.020262407,0.009490266,0.066431863,0.560976184,0.020172782,5.64643887,21.317095,8.142855654,47.81862241,1
16.28,16.28,1.108072601,8.189237653,0.005670837,0.046702498,0.016941842,0.220243946,0.960839881,-0.062020095,7.052187312,73.98467082,5.204322321,47.35625551,1
16.34,16.34,1.061312081,3.890360647,0.004749751,0.045082217,0.016800449,0.117603144,0.784256597,-0.114184662,2.885951615,38.42857326,0.526248511,46.01142379,1
16.35,16.35,1.065086925,2.725410266,0.002851845,0.004656741,0.004055377,0.020276887,1.642236282,0.769725629,2.566997053,14.78012654,5.03612096,46.20200205,1
16.36,16.36,1.053152573,3.955862365,0.004889662,0.03212269,0.013443341,0.120990069,0.912672902,0.162037304,2.178553898,14.60276643,-2.357382441,48.49567537,1
16.37,16.37,1.079375113,0.317753888,0.026956155,0.026956155,0.026956155,0.026956155,1.124098199,0.4359494,1.625147521,5.620490997,-2.438682808,49.13962706,1
16.38,16.38,1.113470542,0.809382204,0.009153263,0.020451436,0.016683618,0.050050855,0.653173433,0.075802154,1.547189405,9.144428068,-0.202477679,49.41024307,1
17.12,17.12,0.820660147,0.763962294,0,0,0,0,1.111198986,0.032312661,3.473262489,15.55678581,1.374678788,49.7261559,0
17.14,17.14,1.012704773,2.43131698,0.005826062,0.005826062,0.005826062,0.005826062,1.628318258,0.375141424,4.180129183,24.42477387,0.325994577,48.77621684,0
17.15,17.15,1.088717706,0.004370767,0,0,0,0,1.009517087,0.039593419,3.281113772,5.047585437,-2.022821212,49.75141979,0
17.16,17.16,1.052874823,0.782536304,0.005384103,0.005384103,0.005384103,0.005384103,2.625951016,0.671436644,5.575185843,7.877853048,0.226107359,47.54858545,0
17.2,17.2,1.095952276,0.016111733,0,0,0,0,1.522335737,1.32005727,1.677130996,4.567007211,14.35217879,49.74108646,0
17.22,17.22,0.918269508,1.435202431,0.095729998,0.095729998,0.095729998,0.095729998,1.081754875,-0.124381927,2.473899231,10.81754875,14.43134545,49.71521813,0
17.23,17.23,1.012404392,2.934416265,0.004067786,0.038416298,0.012597881,0.125978807,1.613012837,-0.150339414,4.454265572,32.26025674,13.01554835,49.07240013,0
17.24,17.24,0.990156879,0.601581542,0,0,0,0,0.621825485,-0.060754428,2.28206707,11.19285873,9.050012121,49.26646098,1
17.25,17.25,0.953436651,2.666785005,0.011497913,0.102117666,0.036901462,0.147605849,1.492528944,0.189007248,4.827483589,37.31322361,7.039294172,49.27865095,1
17.26,17.26,1.041359752,4.348271586,0.004882327,0.044615161,0.016350445,0.228906226,2.584794106,0.336205194,10.59795962,56.86547033,4.865196029,48.60438015,1
17.28,17.28,1.111908024,1.067116247,0.040098059,0.040098059,0.040098059,0.040098059,1.040381173,0.210849524,2.300743798,10.40381173,12.42182165,45.12339205,1
17.29,17.29,1.181535373,0.864369923,0.007686577,0.018523907,0.013568443,0.04070533,0.594425211,-0.037329378,2.48656142,14.86063029,0.857722266,30.50609539,0
17.32,17.32,1.594687676,1.57804638,0.003475123,0.015679062,0.009587158,0.067110108,0.557696098,-0.03004862,2.106379199,14.50009854,5.743845455,49.64600204,0
17.34,17.34,1.461328262,-0.047787176,0,0,0,0,1.559327417,0.082644861,4.851858303,10.91529192,2.054678788,49.71936479,1
17.35,17.35,1.303319096,4.388920339,0.00371049,0.029943058,0.010902008,0.185334136,0.625760861,-0.118050832,2.183618551,38.7971734,-4.913252247,35.08629827,1
17.36,17.36,1.34295447,1.683064946,0.003696786,0.017685215,0.009387656,0.084488903,0.512292526,-0.405799075,2.171272917,21.5162861,-6.581154545,47.37704265,1
18.1,18.1,-0.943344208,0.002544396,0,0,0,0,0.676031775,0.420303054,0.850339285,14.19666729,5.203980601,146.5031947,1
18.2,18.2,-0.940199205,0.00230711,6.27E-05,0.000492744,0.0002777,0.000555399,0.658698651,0.466316262,0.778778046,14.49137033,4.081313935,146.3735889,1
18.5,18.5,-0.932602196,0.001168327,0,0,0,0,0.642152449,0.374958643,0.81168284,13.48520143,0.635313935,146.4059175,1
18.6,18.6,-0.929781781,-0.000624236,0,0,0,0,0.652974216,0.384589314,0.863046421,13.71245853,0.112647268,146.5534042,1
18.7,18.7,-0.926350065,0.000516846,3.67E-05,0.000227071,0.000131908,0.000263817,0.626894332,0.318645967,0.810880284,12.53788664,0.819313935,146.5097804,1
18.9,18.9,-0.917939407,0.005344996,0.000311646,0.000311646,0.000311646,0.000311646,0.586202834,0.400907952,0.760453018,12.31025952,2.871313935,146.5043318,1
18.11,18.11,-0.910749468,0.00387435,6.88E-05,0.000268834,0.000168829,0.000337659,0.637292527,0.476080693,0.816364416,13.38314307,3.728647268,146.557727,1
18.12,18.12,-0.908486423,0.002109997,8.58E-06,8.58E-06,8.58E-06,8.58E-06,0.543915779,0.282664708,0.686216593,11.42223136,3.387313935,146.4611375,1
18.13,18.13,0.215475454,-0.010575004,0.001157943,0.001157943,0.001157943,0.001157943,0.585718753,0.35369091,1.078800213,8.785781293,-6.678352732,146.5391815,1
18.15,18.15,0.092901479,0.111193353,0,0,0,0,0.661243727,-0.466788792,2.599108705,19.8373118,-5.060170914,145.2882786,1
18.18,18.18,0.465871064,1.977703404,0.000890563,0.003067122,0.001728337,0.012098361,0.992047503,0.013540945,5.377289894,81.34789524,-5.472140611,140.2624008,1
18.2,18.2,-0.224592782,0.746206798,0.001178003,0.001444005,0.001327693,0.003983079,1.189803467,-0.195792399,2.672676334,74.95761845,8.422224191,145.8857501,1
18.22,18.22,-0.642852923,0.409524096,0.001049642,0.006374898,0.003512057,0.021072343,1.288501395,0.122688555,3.841197801,61.84806697,2.589147268,134.6434609,0
18.23,18.23,-0.685925738,0.050855569,0,0,0,0,0.957843566,0.531724572,1.81287139,6.704904959,-0.997519399,146.4505787,1
18.24,18.24,-0.697715954,0.423121547,0,0,0,0,1.780960237,0.778911805,4.435222965,24.93344332,-0.575852732,146.5116023,1
18.28,18.28,0.683734409,5.547646803,0,0,0,0,0.853511292,0.416022755,1.655436665,29.87289521,3.758075839,139.8125373,0
18.29,18.29,1.292425658,8.055341357,0.028178217,0.138939079,0.078666644,0.314666575,1.163085308,0.088847445,3.802675115,55.82809477,-0.766209875,146.2334539,0
18.3,18.3,1.523891254,0.263546204,0.005252755,0.005252755,0.005252755,0.005252755,0.9278974,0.427392298,2.249328069,11.13476881,1.915647268,145.8682659,0
18.33,18.33,1.62132546,1.715306164,0.008659209,0.063621376,0.027162513,0.08148754,2.221987663,1.525957638,2.802021602,11.10993832,8.521647268,142.9408942,1
18.35,18.35,1.623804117,8.062744687,0.020432531,0.155679243,0.068828975,0.344144873,1.148949548,0.099949469,6.742437569,31.02163779,0.243570345,144.1392129,1
18.36,18.36,1.688936462,0.328000876,0.001057879,0.001146326,0.001102103,0.002204205,0.614091654,0.132988023,3.337460181,17.1945663,0.573010904,144.4474485,0
19.7,19.7,0.292518152,2.510322706,0,0,0,0,0.989517965,0.165899463,1.604200233,32.65409285,-0.495892931,76.0989733,0
19.8,19.8,0.527426711,4.308187482,0,0,0,0,1.216913418,0.414660872,2.399988188,23.12135495,-0.751662162,78.7339433,0
19.9,19.9,0.471574999,4.939801425,0,0,0,0,1.172682385,0.55799384,3.395240953,31.66242439,2.986974201,75.47608444,0
19.11,19.11,0.715927027,2.597388588,0.011908004,0.011908004,0.011908004,0.011908004,1.115583943,0.775685964,1.951761969,14.50259126,10.91133784,78.89171313,0
19.13,19.13,0.793503903,8.527375507,0,0,0,0,1.060387521,0.029815994,2.425879259,32.87201314,12.0075045,78.64773549,0
19.14,19.14,0.932684531,3.107709105,0.013559916,0.013559916,0.013559916,0.013559916,1.007924163,-0.225159272,1.573545205,22.17433158,8.851462838,78.26490577,0
19.15,19.15,1.040810907,3.145286935,0.07143722,0.135146894,0.103292057,0.206584114,1.157206429,-0.028387133,2.553884714,23.14412857,5.631462838,78.05658577,0
19.16,19.16,0.755032825,8.74201605,0.078751122,0.211063649,0.149175424,0.447526272,1.146293479,-0.570235465,1.800350986,21.77957609,4.206909266,78.88477626,0
19.17,19.17,1.005456671,2.925359252,0,0,0,0,1.081893685,0.506833084,1.868289156,28.12923581,6.248337838,77.23648237,0
19.2,19.2,0.990383018,0.054360303,0,0,0,0,1.022350197,0.700291166,2.308851619,8.178801574,10.0500045,78.89732202,0
19.21,19.21,1.006099991,1.437970007,0,0,0,0,0.921733407,0.446144414,1.710042931,17.51293474,9.849766409,78.85405319,1
19.22,19.22,1.019646865,2.009099506,0.016253016,0.090237278,0.053245147,0.106490294,0.926630908,0.457950742,1.8316274,11.11957089,9.606337838,78.88452979,0
19.23,19.23,1.0649367,2.052662033,0.050941334,0.087152607,0.069046971,0.138093941,0.946774161,0.424395914,1.496907635,19.88225738,10.06458784,78.80577702,0
19.24,19.24,1.018107136,0.787679961,0.025471056,0.039668067,0.032569561,0.065139123,0.957065861,0.4264672,1.779431001,15.31305378,9.175004505,78.91069353,0
19.25,19.25,0.89085954,4.803993714,0.021662606,0.1019344,0.0701443,0.210432901,1.052195334,-0.2587141,3.278006184,59.97513403,8.755511751,78.8144024,0
19.26,19.26,0.900292829,15.68980498,0.014759028,0.046675204,0.030717116,0.061434233,1.177195277,-0.034186733,3.387577196,90.64403632,6.589431588,73.88545593,0
19.29,19.29,0.295232499,14.92678032,0.03202851,0.153408232,0.111977989,0.335933968,0.924596609,-0.082654818,3.150414987,38.83305759,8.186150338,78.76835878,1
19.3,19.3,0.303778978,6.943758692,0.014792667,0.112301527,0.062737897,0.313689485,1.174128997,0.326838359,3.330823969,73.97012681,10.26537487,78.34731857,0
20.1,20.1,-1.892871084,2.101245851,0,0,0,0,1.328880296,0.034842043,2.606033541,3.986640887,51.6252008,975.8050913,1
20.2,20.2,-0.601386633,4.809891942,0.407892752,0.407892752,0.407892752,0.407892752,0.164964379,0.045978963,0.456248725,0.824821894,51.1364508,975.8128705,1
20.3,20.3,-0.151288519,3.511370081,0.03012422,0.061904332,0.044629562,0.267777373,0.1368706,0.05172705,0.305361422,0.4106118,50.4887008,975.7193119,1
20.4,20.4,0.155407448,0.442198599,0,0,0,0,0.042506159,0.033764276,0.051008539,0.255036957,46.6967008,971.3713341,1
20.5,20.5,-0.168324909,9.628257498,0.006117468,0.059980158,0.026650137,0.293151504,0.104408643,-0.047427463,1.846567448,4.071937072,32.2367008,944.2381444,1
20.6,20.6,0.119626474,8.570473202,0.003007047,0.01008077,0.006465669,0.071122357,0.043363407,0.006101604,0.091963664,3.555799402,25.69660705,956.7156382,1
20.7,20.7,0.171469851,8.035194346,0.005260865,0.035275709,0.017393815,0.330482483,0.049757133,0.016160757,0.090885898,2.985427961,30.3147008,972.6685544,1
20.9,20.9,0.228884607,7.563449307,0.004009635,0.016429099,0.007968388,0.07968388,0.040727845,0.015442246,0.089808132,2.443670691,30.47487471,972.0055567,1
20.1,20.1,0.307709927,3.199716722,0.004657198,0.008335395,0.006075291,0.030376457,0.048023002,0.02154959,0.210517974,1.392667067,20.17228413,971.7097527,1
20.11,20.11,0.37406909,2.049081253,0.011257666,0.043861894,0.019020069,0.114120413,0.044709593,0.021190334,0.096633986,1.341287794,18.34492302,975.7731764,1
20.13,20.13,0.334409495,5.209063843,0.004663411,0.010806297,0.006249905,0.03749943,0.039933206,0.01831629,0.068252803,1.397662208,30.59097666,969.9262825,1
20.14,20.14,0.304054275,1.939671726,0.010723663,0.046227617,0.023685564,0.142113382,0.058516979,0.022268101,0.1368706,0.585169789,34.81103413,974.8329315,1
20.15,20.15,0.353322813,1.258045778,0.003655022,0.003655022,0.003655022,0.003655022,0.042822646,0.027297677,0.074719401,0.599517051,36.1152008,975.7328171,0
20.19,20.19,0.386972682,1.109372495,0.01181086,0.037842121,0.025074891,0.100299566,0.045564437,0.015801502,0.074360146,0.59233768,21.0737008,975.8191952,1
20.2,20.2,0.381766443,2.140829541,0.004106395,0.005543073,0.004603628,0.018414512,0.041616574,0.023345867,0.072204613,0.873948064,20.5389508,975.084518,1
20.22,20.22,0.301118825,4.754197432,0.006368563,0.00977075,0.008276718,0.041383592,0.042930423,0.015442246,0.117111548,1.502564809,-1.257683817,915.8075951,1
20.23,20.23,0.379627337,2.445190463,0.007334957,0.021655273,0.012030064,0.096240513,0.041997214,0.027656933,0.068252803,1.007933141,-22.7502992,958.476024,0
20.24,20.24,0.404568696,2.468651388,0.00319165,0.021142726,0.013687775,0.109502197,0.043917148,0.024423633,0.084778555,1.010094414,-37.7717992,955.9885253,0
20.27,20.27,0.253975824,6.508636498,0.004736448,0.006610385,0.005671768,0.022687071,0.0611126,0.046338218,0.081904511,0.488900798,-30.1452992,971.3548699,1
20.28,20.28,-0.010877901,26.2917723,0.020211965,0.031826044,0.026019005,0.05203801,0.040506468,0.017957035,0.075437912,2.956972165,-24.30596587,974.7217,1
20.29,20.29,0.289710134,5.099459824,0.004136972,0.036218235,0.016760168,0.234642354,0.040118607,0.012927458,0.078671212,1.925693156,-17.86493078,966.8299374,1
20.31,20.31,0.331354663,10.06364177,0.002858053,0.009387882,0.005655833,0.101804998,0.037390674,0.011131181,0.068971313,5.159912984,-37.63336303,720.1812707,1
20.33,20.33,0.340739786,1.168763525,0.002239434,0.019449778,0.011633451,0.069800706,0.043917148,0.024423633,0.069689824,1.010094414,-49.37396587,969.7368771,1
20.34,20.34,0.339770503,9.523104013,0.004974515,0.047767886,0.017143575,0.445732954,0.12994582,0.017238524,2.753328289,8.966261602,-40.16337063,727.2183478,1
20.35,20.35,0.39297298,3.432727792,0.003338313,0.008587476,0.005041203,0.020164812,0.046517846,0.033045765,0.061426948,0.372142766,10.31803413,916.1640262,1
20.37,20.37,0.468765793,1.455141404,0.004849754,0.004849754,0.004849754,0.004849754,0.058373277,0.05172705,0.065019503,0.116746553,5.334575798,953.2947267,1
20.38,20.38,0.470140705,9.044817389,0.004477973,0.01294219,0.008123201,0.081232007,0.037239864,0.011490436,0.072563868,3.202628303,-32.28458492,740.1246412,1
21.32,21.32,-0.003020253,1.950693104,0.003682377,0.03346601,0.020269983,0.081079932,0.532758355,0.210439899,1.177762931,4.794825194,8.053136823,119.191041,0
21.33,21.33,-0.309840539,16.1779652,0.008529932,0.080093261,0.042526407,0.425264067,1.683561602,0.097199498,4.459160904,48.82328646,14.20744603,115.2626385,0